Ruang 1,15:48:29
Ruang 1,15:48:29
Ruang 1,15:48:29
Ruang 1,15:48:30
Ruang 1,15:48:30
Ruang 1,15:48:30
Ruang 1,15:48:30
Ruang 1,15:48:30
Ruang 1,15:48:30
Ruang 1,15:48:30
Ruang 1,15:48:31
Ruang 1,15:48:31
Ruang 1,15:48:31
Lorong,15:48:31
Ruang 1,15:48:31
Ruang 1,15:48:31
Ruang 1,15:48:31
Ruang 1,15:48:31
Ruang 1,15:48:32
Ruang 1,15:48:32
Ruang 1,15:48:32
Ruang 1,15:48:32
Ruang 1,15:48:32
Ruang 1,15:48:32
Ruang 1,15:48:33
Ruang 1,15:48:33
Ruang 1,15:48:33
Ruang 1,15:48:33
Ruang 1,15:48:33
Ruang 1,15:48:33
Ruang 1,15:48:34
Ruang 1,15:48:34
Ruang 1,15:48:34
Ruang 1,15:48:34
Ruang 1,15:48:34
Lorong,15:48:35
Ruang 1,15:48:35
Ruang 1,15:48:35
Ruang 1,15:48:35
Ruang 1,15:48:35
Ruang 1,15:48:35
Ruang 1,15:48:35
Ruang 1,15:48:36
Ruang 1,15:48:36
Ruang 1,15:48:36
Ruang 1,15:48:36
Ruang 1,15:48:36
Ruang 1,15:48:37
Ruang 1,15:48:37
Ruang 1,15:48:37
Ruang 1,15:48:37
Ruang 1,15:48:37
Ruang 1,15:48:38
Ruang 1,15:48:38
Ruang 1,15:48:38
Ruang 1,15:48:38
Ruang 1,15:48:38
Ruang 1,15:48:39
Ruang 1,15:48:39
Ruang 1,15:48:39
Lorong,15:48:40
Lorong,15:48:40
Lorong,15:48:41
Ruang 1,15:48:41
Ruang 1,15:48:41
Ruang 1,15:48:41
Ruang 1,15:48:41
Ruang 1,15:48:42
Ruang 1,15:48:42
Ruang 1,15:48:42
Ruang 1,15:48:42
Ruang 1,15:48:42
Ruang 1,15:48:42
Ruang 1,15:48:42
Ruang 1,15:48:43
Ruang 1,15:48:43
Ruang 1,15:48:43
Ruang 1,15:48:43
Ruang 1,15:48:43
Ruang 1,15:48:43
Ruang 1,15:48:43
Ruang 1,15:48:44
Ruang 1,15:48:44
Ruang 1,15:48:44
Ruang 1,15:48:44
Ruang 1,15:48:44
Ruang 1,15:48:45
Ruang 1,15:48:46
Ruang 1,15:48:46
Ruang 1,15:48:46
Ruang 1,15:48:46
Ruang 1,15:48:46
Ruang 1,15:48:47
Ruang 1,15:48:47
Ruang 1,15:48:48
Ruang 1,15:48:48
Ruang 1,15:48:48
Ruang 1,15:48:48
Ruang 1,15:48:49
Ruang 1,15:48:49
Ruang 1,15:48:49
Ruang 1,15:48:49
Ruang 1,15:48:49
Ruang 1,15:48:49
Ruang 1,15:48:50
Ruang 1,15:48:50
Ruang 1,15:48:50
Ruang 1,15:48:50
Ruang 1,15:48:50
Ruang 1,15:48:50
Ruang 1,15:48:50
Ruang 1,15:48:51
Ruang 1,15:48:51
Ruang 1,15:48:51
Ruang 1,15:48:51
Ruang 1,15:48:51
Ruang 1,15:48:51
Ruang 1,15:48:51
Ruang 1,15:48:52
Ruang 1,15:48:52
Ruang 1,15:48:52
Ruang 1,15:48:52
Ruang 1,15:48:52
Ruang 1,15:48:52
Ruang 1,15:48:52
Ruang 1,15:48:53
Ruang 1,15:48:53
Ruang 1,15:48:53
Ruang 1,15:48:53
Ruang 1,15:48:53
Ruang 1,15:48:54
Ruang 2,15:48:54
Ruang 1,15:48:54
Ruang 1,15:48:54
Ruang 1,15:48:55
Ruang 1,15:48:55
Ruang 1,15:48:55
Ruang 1,15:48:56
Ruang 1,15:48:56
Ruang 1,15:48:56
Ruang 1,15:48:56
Ruang 1,15:48:56
Ruang 1,15:48:56
Ruang 1,15:48:56
Ruang 1,15:48:57
Ruang 1,15:48:57
Ruang 1,15:48:57
Ruang 1,15:48:57
Ruang 1,15:48:58
Ruang 2,15:48:58
Ruang 1,15:48:58
Ruang 1,15:48:58
Ruang 1,15:48:58
Ruang 1,15:48:58
Ruang 1,15:48:58
Ruang 1,15:48:59
Ruang 1,15:48:59
Ruang 1,15:48:59
Ruang 2,15:48:59
Ruang 1,15:48:59
Ruang 2,15:48:59
Ruang 1,15:49:00
Ruang 1,15:49:00
Ruang 1,15:49:00
Ruang 1,15:49:01
Ruang 1,15:49:01
Ruang 1,15:49:01
Ruang 1,15:49:01
Ruang 1,15:49:01
Ruang 1,15:49:01
Ruang 1,15:49:02
Ruang 1,15:49:02
Ruang 1,15:49:02
Ruang 1,15:49:02
Ruang 1,15:49:02
Ruang 1,15:49:02
Ruang 1,15:49:03
Ruang 1,15:49:03
Ruang 1,15:50:00
Ruang 1,15:50:00
Ruang 1,15:50:00
Ruang 1,15:50:00
Ruang 1,15:50:01
Ruang 1,15:50:01
Ruang 1,15:50:01
Ruang 1,15:50:01
Ruang 1,15:50:01
Ruang 1,15:50:01
Ruang 1,15:50:01
Ruang 1,15:50:01
Ruang 1,15:50:01
Ruang 1,15:50:01
Ruang 1,15:50:01
Ruang 1,15:50:02
Ruang 1,15:50:02
Ruang 1,15:50:02
Ruang 1,15:50:02
Ruang 1,15:50:02
Ruang 1,15:50:03
Ruang 1,15:50:03
Ruang 1,15:50:03
Ruang 1,15:50:03
Ruang 1,15:50:03
Ruang 1,15:50:03
Ruang 1,15:50:03
Ruang 1,15:50:03
Ruang 1,15:50:03
Ruang 1,15:50:03
Ruang 1,15:50:03
Ruang 1,15:50:04
Ruang 1,15:50:04
Ruang 1,15:50:04
Ruang 1,15:50:04
Ruang 1,15:50:04
Ruang 1,15:50:04
Ruang 1,15:50:05
Ruang 1,15:50:05
Ruang 1,15:50:05
Ruang 1,15:50:05
Ruang 1,15:50:05
Ruang 1,15:50:05
Ruang 1,15:50:05
Ruang 1,15:50:05
Ruang 1,15:50:06
Ruang 1,15:50:06
Ruang 1,15:50:06
Ruang 1,15:50:06
Ruang 1,15:50:06
Ruang 1,15:50:06
Ruang 1,15:50:07
Ruang 1,15:50:07
Ruang 1,15:50:07
Ruang 1,15:50:07
Ruang 1,15:50:07
Ruang 1,15:50:07
Ruang 1,15:50:07
Ruang 1,15:50:07
Ruang 1,15:50:08
Ruang 1,15:50:08
Ruang 1,15:50:08
Ruang 1,15:50:08
Ruang 1,15:50:09
Ruang 1,15:50:09
Ruang 1,15:50:09
Ruang 1,15:50:09
Ruang 1,15:50:10
Ruang 1,15:50:10
Lorong,15:50:11
Ruang 1,15:50:11
Ruang 1,15:50:11
Ruang 1,15:50:11
Ruang 1,15:50:11
Ruang 1,15:50:11
Ruang 1,15:50:11
Ruang 1,15:50:12
Ruang 1,15:50:12
Ruang 1,15:50:12
Ruang 1,15:50:12
Ruang 1,15:50:12
Ruang 1,15:50:12
Ruang 1,15:50:12
Ruang 1,15:50:12
Ruang 1,15:50:12
Ruang 1,15:50:12
Ruang 1,15:50:12
Ruang 1,15:50:12
Ruang 1,15:50:12
Ruang 1,15:50:12
Ruang 2,15:50:12
Ruang 1,15:50:12
Ruang 1,15:50:12
Ruang 2,15:50:13
Ruang 2,15:50:13
Ruang 2,15:50:13
Ruang 2,15:50:13
Ruang 2,15:50:13
Ruang 1,15:50:13
Ruang 1,15:50:13
Ruang 1,15:50:13
Ruang 1,15:50:13
Ruang 1,15:50:13
Ruang 1,15:50:13
Ruang 1,15:50:13
Ruang 1,15:50:13
Ruang 1,15:50:13
Ruang 1,15:50:13
Ruang 1,15:50:13
Ruang 2,15:50:13
Ruang 1,15:50:13
Ruang 2,15:50:14
Ruang 2,15:50:14
Ruang 2,15:50:14
Ruang 2,15:50:14
Lorong,15:50:14
Lorong,15:50:14
Lorong,15:50:14
Lorong,15:50:14
Ruang 1,15:50:14
Ruang 1,15:50:14
Ruang 1,15:50:15
Ruang 1,15:50:15
Ruang 1,15:50:15
Ruang 2,15:50:15
Ruang 2,15:50:15
Ruang 2,15:50:15
Ruang 1,15:50:15
Lorong,15:50:15
Ruang 2,15:50:15
Ruang 2,15:50:15
Ruang 2,15:50:15
Ruang 2,15:50:15
Ruang 2,15:50:15
Ruang 2,15:50:15
Ruang 2,15:50:15
Ruang 2,15:50:15
Ruang 2,15:50:15
Ruang 2,15:50:15
Ruang 2,15:50:16
Lorong,15:50:16
Lorong,15:50:16
Ruang 2,15:50:16
Lorong,15:50:16
Ruang 2,15:50:16
Ruang 1,15:50:16
Ruang 2,15:50:16
Ruang 1,15:50:16
Ruang 2,15:50:16
Ruang 2,15:50:17
Ruang 2,15:50:17
Ruang 2,15:50:17
Ruang 2,15:50:17
Ruang 2,15:50:17
Lorong,15:50:17
Ruang 2,15:50:17
Ruang 2,15:50:17
Ruang 2,15:50:17
Lorong,15:50:17
Lorong,15:50:17
Lorong,15:50:17
Ruang 2,15:50:17
Ruang 2,15:50:17
Lorong,15:50:17
Lorong,15:50:17
Ruang 2,15:50:18
Ruang 2,15:50:18
Lorong,15:50:18
Lorong,15:50:18
Lorong,15:50:18
Lorong,15:50:18
Lorong,15:50:18
Lorong,15:50:18
Lorong,15:50:18
Lorong,15:50:18
Ruang 2,15:50:18
Ruang 2,15:50:18
Ruang 2,15:50:18
Ruang 2,15:50:18
Ruang 2,15:50:19
Ruang 2,15:50:19
Ruang 2,15:50:19
Ruang 2,15:50:19
Ruang 2,15:50:19
Lorong,15:50:19
Ruang 2,15:50:19
Ruang 2,15:50:20
Ruang 2,15:50:20
Lorong,15:50:20
Lorong,15:50:20
Lorong,15:50:20
Lorong,15:50:20
Lorong,15:50:20
Lorong,15:50:21
Lorong,15:50:21
Lorong,15:50:21
Lorong,15:50:21
Lorong,15:50:21
Lorong,15:50:21
Lorong,15:50:21
Lorong,15:50:21
Lorong,15:50:21
Lorong,15:50:21
Lorong,15:50:21

Lorong,15:50:21
Lorong,15:50:22
Lorong,15:50:22
Lorong,15:50:22
Lorong,15:50:22
Lorong,15:50:23
Lorong,15:50:23
Lorong,15:50:23
Lorong,15:50:23
Lorong,15:50:23
Lorong,15:50:23
Lorong,15:50:23
Lorong,15:50:23
Lorong,15:50:23
Lorong,15:50:23
Lorong,15:50:23
Lorong,15:50:23
Lorong,15:50:24
Lorong,15:50:24
Lorong,15:50:24
Lorong,15:50:24
Lorong,15:50:24
Lorong,15:50:24
Lorong,15:50:24
Lorong,15:50:24
Lorong,15:50:24
Lorong,15:50:24
Lorong,15:50:24
Lorong,15:50:25
Lorong,15:50:25
Lorong,15:50:25
Lorong,15:50:25
Lorong,15:50:25
Lorong,15:50:25
Lorong,15:50:25
Lorong,15:50:25
Lorong,15:50:25
Lorong,15:50:25
Lorong,15:50:26
Lorong,15:50:26
Lorong,15:50:26
Lorong,15:50:26
Lorong,15:50:26
Lorong,15:50:26
Lorong,15:50:27
Lorong,15:50:27
Lorong,15:50:27
Lorong,15:50:27
Lorong,15:50:27
Lorong,15:50:28
Lorong,15:50:28
Lorong,15:50:28
Lorong,15:50:28
Lorong,15:50:28
Lorong,15:50:29
Lorong,15:50:29
Lorong,15:50:29
Lorong,15:50:29
Lorong,15:50:29
Lorong,15:50:29
Lorong,15:50:29
Lorong,15:50:30
Lorong,15:50:30
Lorong,15:50:30
Lorong,15:50:30
Lorong,15:50:30
Lorong,15:50:30
Lorong,15:50:30
Lorong,15:50:30
Lorong,15:50:30
Lorong,15:50:31
Lorong,15:50:31
Lorong,15:50:31
Lorong,15:50:31
Lorong,15:50:31
Lorong,15:50:31
Lorong,15:50:31
Lorong,15:50:31
Lorong,15:50:32
Lorong,15:50:32
Lorong,15:50:32
Lorong,15:50:32
Lorong,15:50:32
Lorong,15:50:32
Lorong,15:50:33
Lorong,15:50:33
Lorong,15:50:33
Lorong,15:50:33
Ruang 2,15:50:34
Ruang 2,15:50:34
Ruang 2,15:50:34
Ruang 2,15:50:34
Ruang 2,15:50:35
Ruang 2,15:50:35
Ruang 2,15:50:35
Ruang 2,15:50:35
Ruang 2,15:50:35
Ruang 2,15:50:36
Ruang 2,15:50:36
Ruang 2,15:50:36
Ruang 2,15:50:36
Ruang 2,15:50:37
Ruang 2,15:50:37
Ruang 2,15:50:37
Ruang 2,15:50:38
Ruang 2,15:50:38
Ruang 2,15:50:38
Ruang 2,15:50:38
Ruang 2,15:50:38
Ruang 2,15:50:39
Ruang 2,15:50:39
Ruang 2,15:50:39
Ruang 2,15:50:40
Ruang 2,15:50:40
Ruang 2,15:50:40
Ruang 2,15:50:40
Ruang 2,15:50:40
Ruang 2,15:50:40
Ruang 2,15:50:41
Ruang 2,15:50:41
Ruang 2,15:50:41
Ruang 2,15:50:41
Ruang 2,15:50:41
Ruang 2,15:50:41
Ruang 2,15:50:41
Ruang 2,15:50:42
Ruang 2,15:50:42
Ruang 2,15:50:42
Ruang 2,15:50:43
Ruang 2,15:50:43
Ruang 2,15:50:43
Ruang 2,15:50:43
Ruang 2,15:50:44
Ruang 2,15:50:44
Ruang 2,15:50:44
Ruang 2,15:50:44
Ruang 2,15:50:44
Ruang 2,15:50:44
Ruang 2,15:50:44
Ruang 2,15:50:44
Ruang 2,15:50:44
Ruang 2,15:50:44
Ruang 2,15:50:44
Ruang 2,15:50:45
Ruang 2,15:50:45
Ruang 2,15:50:45
Ruang 2,15:50:45
Ruang 2,15:50:45
Ruang 2,15:50:45
Ruang 2,15:50:45
Ruang 2,15:50:46
Ruang 2,15:50:46
Ruang 2,15:50:46
Ruang 2,15:50:46
Ruang 2,15:50:46
Ruang 2,15:50:46
Ruang 2,15:50:46
Ruang 2,15:50:46
Ruang 2,15:50:46
Ruang 2,15:50:46
Ruang 2,15:50:46
Ruang 2,15:50:47
Ruang 2,15:50:47
Ruang 2,15:50:47
Ruang 2,15:50:47
Ruang 2,15:50:47
Ruang 2,15:50:47
Ruang 2,15:50:47
Ruang 2,15:50:47
Ruang 2,15:50:47
Ruang 2,15:50:47
Ruang 2,15:50:47
Ruang 2,15:50:48
Ruang 2,15:50:48
Ruang 2,15:50:48
Ruang 2,15:50:48
Ruang 2,15:50:48
Ruang 2,15:50:48
Ruang 2,15:50:49
Ruang 2,15:50:49
Ruang 2,15:50:49
Ruang 2,15:50:49
Ruang 2,15:50:49
Ruang 2,15:50:49
Ruang 2,15:50:49
Ruang 2,15:50:49
Ruang 2,15:50:49
Ruang 2,15:50:49
Ruang 2,15:50:49
Ruang 2,15:50:49
Ruang 2,15:50:50
Ruang 2,15:50:50
Ruang 2,15:50:50
Ruang 2,15:50:50
Ruang 2,15:50:50
Ruang 2,15:50:50
Lorong,15:50:50

Lorong,15:50:50
Lorong,15:50:50
Lorong,15:50:50
Ruang 2,15:50:50
Lorong,15:50:51
Ruang 2,15:50:51
Ruang 2,15:50:51
Ruang 2,15:50:51
Ruang 2,15:50:51
Ruang 2,15:50:51
Ruang 2,15:50:51
Ruang 2,15:50:51
Ruang 2,15:50:51
Ruang 2,15:50:52
Lorong,15:50:52
Ruang 2,15:50:52
Ruang 2,15:50:52
Ruang 2,15:50:52
Ruang 2,15:50:52
Ruang 1,15:50:52
Ruang 1,15:50:52
Lorong,15:50:53
Lorong,15:50:53
Lorong,15:50:54
Lorong,15:50:54
Lorong,15:50:55
Lorong,15:50:55
Lorong,15:50:55
Lorong,15:50:55
Lorong,15:50:55
Lorong,15:50:55
Lorong,15:50:55
Lorong,15:50:55
Lorong,15:50:56
Lorong,15:50:56
Lorong,15:50:56
Lorong,15:50:56
Lorong,15:50:56
Lorong,15:50:56
Lorong,15:50:56
Lorong,15:50:57
Lorong,15:50:57
Lorong,15:50:57
Lorong,15:50:57
Lorong,15:50:57
Lorong,15:50:57
Lorong,15:50:57
Lorong,15:50:57
Lorong,15:50:57
Ruang 1,15:50:57
Ruang 1,15:50:57
Ruang 1,15:50:58
Ruang 1,15:50:58
Ruang 1,15:50:58
Ruang 1,15:50:58
Ruang 1,15:50:58
Ruang 1,15:50:58
Ruang 1,15:50:58
Ruang 1,15:50:58
Lorong,15:50:58
Lorong,15:50:58
Lorong,15:50:58
Lorong,15:50:58
Ruang 1,15:50:58
Ruang 1,15:50:58
Ruang 1,15:50:59
Lorong,15:50:59
Lorong,15:50:59
Lorong,15:50:59
Lorong,15:50:59
Lorong,15:50:59
Lorong,15:50:59
Lorong,15:50:59
Lorong,15:50:59
Lorong,15:50:59
Ruang 1,15:50:59
Ruang 1,15:50:59
Ruang 1,15:51:00
Ruang 1,15:51:00
Ruang 1,15:51:00
Ruang 1,15:51:00
Ruang 1,15:51:00
Ruang 1,15:51:00
Ruang 1,15:51:00
Ruang 1,15:51:00
Lorong,15:51:01
Lorong,15:51:01
Ruang 1,15:51:01
Ruang 1,15:51:01
Ruang 1,15:51:01
Ruang 1,15:51:01
Ruang 1,15:51:01
Ruang 1,15:51:01
Ruang 1,15:51:02
Ruang 1,15:51:02
Ruang 1,15:51:02
Ruang 1,15:51:02
Ruang 1,15:51:02
Ruang 1,15:51:02
Ruang 1,15:51:03
Ruang 1,15:51:03
Ruang 1,15:51:03
Ruang 1,15:51:03
Ruang 1,15:51:03
Ruang 1,15:51:04
Ruang 1,15:51:04
Ruang 1,15:51:06
Ruang 1,15:51:06
Ruang 1,15:51:06
Ruang 1,15:51:06
Ruang 1,15:51:06
Ruang 1,15:51:07
Ruang 1,15:51:07
Ruang 1,15:51:07
Ruang 1,15:51:07
Ruang 1,15:51:07
Ruang 1,15:51:07
Ruang 1,15:51:07
Ruang 1,15:51:07
Ruang 1,15:51:07
Ruang 1,15:51:07
Ruang 1,15:51:07
Ruang 1,15:51:07
Ruang 1,15:51:07
Ruang 1,15:51:07
Lorong,15:51:08
Lorong,15:51:08
Ruang 1,15:51:08
Ruang 1,15:51:08
Ruang 1,15:51:08
Ruang 1,15:51:08
Ruang 1,15:51:08
Ruang 1,15:51:08
Ruang 1,15:51:08
Ruang 1,15:51:08
Ruang 1,15:51:08
Ruang 1,15:51:08
Ruang 1,15:51:08

