Ruang 1,10:36:21,Ruang 1,A,Match
Ruang 1,10:36:22,Ruang 1,A,Match
Ruang 1,10:36:22,Ruang 1,A,Match
Ruang 1,10:36:22,Ruang 1,A,Match
Ruang 1,10:36:22,Ruang 1,A,Match
Ruang 2,10:36:22,Ruang 1,A,Mismatch
Ruang 2,10:36:22,Ruang 1,A,Mismatch
Ruang 2,10:36:22,Ruang 1,A,Mismatch
Ruang 2,10:36:22,Ruang 1,A,Mismatch
Ruang 2,10:36:23,Ruang 1,A,Mismatch
Ruang 2,10:36:23,Ruang 1,A,Mismatch
Ruang 2,10:36:23,Ruang 1,A,Mismatch
Ruang 2,10:36:23,Ruang 1,A,Mismatch
Ruang 2,10:36:23,Ruang 1,A,Mismatch
Ruang 2,10:36:23,Ruang 1,A,Mismatch
Ruang 2,10:36:24,Ruang 1,A,Mismatch
Ruang 2,10:36:24,Ruang 1,A,Mismatch
Ruang 2,10:36:24,Ruang 1,A,Mismatch
Ruang 2,10:36:25,Ruang 1,A,Mismatch
Ruang 2,10:36:25,Ruang 1,A,Mismatch
Ruang 2,10:36:25,Ruang 1,A,Mismatch
Ruang 2,10:36:25,Ruang 1,A,Mismatch
Ruang 1,10:36:26,Ruang 1,A,Match
Ruang 1,10:36:26,Ruang 1,A,Match
Ruang 1,10:36:26,Ruang 1,A,Match
Ruang 1,10:36:26,Ruang 1,A,Match
Ruang 1,10:36:26,Ruang 1,A,Match
Ruang 1,10:36:26,Ruang 1,A,Match
Ruang 1,10:36:26,Ruang 1,A,Match
Ruang 1,10:36:27,Ruang 1,A,Match
Ruang 1,10:36:27,Ruang 1,A,Match
Ruang 1,10:36:27,Ruang 1,A,Match
Ruang 1,10:36:27,Ruang 1,A,Match
Ruang 1,10:36:28,Ruang 1,A,Match
Ruang 1,10:36:28,Ruang 1,A,Match
Ruang 1,10:36:28,Ruang 1,A,Match
Ruang 1,10:36:28,Ruang 1,A,Match
Ruang 1,10:36:28,Ruang 1,A,Match
Ruang 1,10:36:29,Ruang 1,A,Match
Ruang 1,10:36:40,Ruang 1,A,Match
Ruang 1,10:36:41,Ruang 1,A,Match
Ruang 1,10:36:41,Ruang 1,A,Match
Ruang 1,10:36:45,Ruang 1,A,Match
Ruang 1,10:36:45,Ruang 1,A,Match
Ruang 1,10:36:45,Ruang 1,A,Match
Ruang 1,10:36:46,Ruang 1,A,Match
Ruang 1,10:36:46,Ruang 1,A,Match
Ruang 1,10:36:46,Ruang 1,A,Match
Ruang 1,10:36:46,Ruang 1,A,Match
Ruang 1,10:36:46,Ruang 1,A,Match
Ruang 2,10:36:47,Ruang 1,A,Mismatch
Ruang 2,10:36:47,Ruang 1,A,Mismatch
Ruang 1,10:36:47,Ruang 1,A,Match
Ruang 2,10:36:47,Ruang 1,A,Mismatch
Ruang 1,10:36:48,Ruang 1,A,Match
Ruang 1,10:36:49,Ruang 1,A,Match
Ruang 1,10:36:49,Ruang 1,A,Match
Ruang 1,10:36:49,Ruang 1,A,Match
Ruang 1,10:36:50,Ruang 1,A,Match
Ruang 1,10:36:50,Ruang 1,A,Match
Ruang 1,10:36:50,Ruang 1,A,Match
Ruang 1,10:36:51,Ruang 1,A,Match
Ruang 1,10:37:33,Ruang 1,B,Match
Ruang 2,10:37:33,Ruang 1,B,Mismatch
Ruang 1,10:37:33,Ruang 1,B,Match
Ruang 1,10:37:33,Ruang 1,B,Match
Ruang 1,10:37:33,Ruang 1,B,Match
Ruang 1,10:37:33,Ruang 1,B,Match
Ruang 1,10:37:33,Ruang 1,B,Match
Ruang 1,10:37:34,Ruang 1,B,Match
Ruang 1,10:37:34,Ruang 1,B,Match
Ruang 1,10:37:34,Ruang 1,B,Match
Ruang 1,10:37:34,Ruang 1,B,Match
Ruang 2,10:37:34,Ruang 1,B,Mismatch
Ruang 1,10:37:34,Ruang 1,B,Match
Ruang 2,10:37:34,Ruang 1,B,Mismatch
Ruang 1,10:37:34,Ruang 1,B,Match
Ruang 1,10:37:35,Ruang 1,B,Match
Ruang 1,10:37:35,Ruang 1,B,Match
Ruang 1,10:37:35,Ruang 1,B,Match
Lorong,10:37:35,Ruang 1,B,Mismatch
Ruang 1,10:37:35,Ruang 1,B,Match
Lorong,10:37:35,Ruang 1,B,Mismatch
Lorong,10:37:35,Ruang 1,B,Mismatch
Lorong,10:37:35,Ruang 1,B,Mismatch
Lorong,10:37:35,Ruang 1,B,Mismatch
Lorong,10:37:35,Ruang 1,B,Mismatch
Ruang 1,10:37:35,Ruang 1,B,Match
Lorong,10:37:36,Ruang 1,B,Mismatch
Lorong,10:37:36,Ruang 1,B,Mismatch
Lorong,10:37:36,Ruang 1,B,Mismatch
Ruang 1,10:37:36,Ruang 1,B,Match
Ruang 1,10:37:36,Ruang 1,B,Match
Ruang 1,10:37:36,Ruang 1,B,Match
Ruang 1,10:37:36,Ruang 1,B,Match
Lorong,10:37:36,Ruang 1,B,Mismatch
Lorong,10:37:36,Ruang 1,B,Mismatch
Lorong,10:37:37,Ruang 1,B,Mismatch
Lorong,10:37:37,Ruang 1,B,Mismatch
Ruang 1,10:37:37,Ruang 1,B,Match
Ruang 1,10:37:37,Ruang 1,B,Match
Ruang 1,10:37:37,Ruang 1,B,Match
Ruang 1,10:37:37,Ruang 1,B,Match
Ruang 1,10:37:37,Ruang 1,B,Match
Ruang 1,10:37:37,Ruang 1,B,Match
Ruang 1,10:37:38,Ruang 1,B,Match
Ruang 1,10:37:38,Ruang 1,B,Match
Ruang 1,10:37:38,Ruang 1,B,Match
Ruang 1,10:37:38,Ruang 1,B,Match
Ruang 1,10:37:38,Ruang 1,B,Match
Ruang 1,10:37:38,Ruang 1,B,Match
Ruang 1,10:37:38,Ruang 1,B,Match
Ruang 1,10:37:39,Ruang 1,B,Match
Ruang 1,10:37:39,Ruang 1,B,Match
Ruang 1,10:37:39,Ruang 1,B,Match
Ruang 1,10:37:39,Ruang 1,B,Match
Ruang 1,10:37:39,Ruang 1,B,Match
Ruang 1,10:37:39,Ruang 1,B,Match
Ruang 2,10:37:39,Ruang 1,B,Mismatch
Ruang 2,10:37:39,Ruang 1,B,Mismatch
Ruang 2,10:37:39,Ruang 1,B,Mismatch
Ruang 2,10:37:39,Ruang 1,B,Mismatch
Ruang 1,10:37:40,Ruang 1,B,Match
Ruang 1,10:37:40,Ruang 1,B,Match
Ruang 1,10:37:40,Ruang 1,B,Match
Ruang 1,10:37:40,Ruang 1,B,Match
Ruang 1,10:37:40,Ruang 1,B,Match
Ruang 1,10:37:40,Ruang 1,B,Match
Ruang 1,10:37:40,Ruang 1,B,Match
Ruang 2,10:37:40,Ruang 1,B,Mismatch
Ruang 2,10:37:40,Ruang 1,B,Mismatch
Ruang 2,10:37:41,Ruang 1,B,Mismatch
Ruang 1,10:37:41,Ruang 1,B,Match
Ruang 1,10:37:41,Ruang 1,B,Match
Ruang 1,10:37:41,Ruang 1,B,Match
Ruang 1,10:37:41,Ruang 1,B,Match
Ruang 1,10:37:41,Ruang 1,B,Match
Ruang 1,10:37:42,Ruang 1,B,Match
Ruang 1,10:37:42,Ruang 1,B,Match
Ruang 1,10:37:42,Ruang 1,B,Match
Ruang 1,10:37:42,Ruang 1,B,Match
Ruang 1,10:37:42,Ruang 1,B,Match
Ruang 2,10:37:42,Ruang 1,B,Mismatch
Ruang 2,10:37:42,Ruang 1,B,Mismatch
Ruang 2,10:37:42,Ruang 1,B,Mismatch
Ruang 2,10:37:42,Ruang 1,B,Mismatch
Ruang 2,10:37:42,Ruang 1,B,Mismatch
Ruang 2,10:37:42,Ruang 1,B,Mismatch
Ruang 2,10:37:43,Ruang 1,B,Mismatch
Ruang 2,10:37:43,Ruang 1,B,Mismatch
Ruang 2,10:37:43,Ruang 1,B,Mismatch
Ruang 2,10:37:43,Ruang 1,B,Mismatch
Ruang 1,10:37:43,Ruang 1,B,Match
Ruang 2,10:37:43,Ruang 1,B,Mismatch
Ruang 1,10:37:43,Ruang 1,B,Match
Ruang 2,10:37:43,Ruang 1,B,Mismatch
Ruang 1,10:37:43,Ruang 1,B,Match
Ruang 1,10:37:44,Ruang 1,B,Match
Ruang 1,10:37:44,Ruang 1,B,Match
Ruang 1,10:37:44,Ruang 1,B,Match
Ruang 2,10:37:44,Ruang 1,B,Mismatch
Ruang 1,10:37:44,Ruang 1,B,Match
Ruang 1,10:37:44,Ruang 1,B,Match
Ruang 1,10:37:44,Ruang 1,B,Match
Ruang 1,10:37:44,Ruang 1,B,Match
Ruang 1,10:37:44,Ruang 1,B,Match
Ruang 1,10:37:45,Ruang 1,B,Match
Ruang 1,10:37:45,Ruang 1,B,Match
Ruang 1,10:37:45,Ruang 1,B,Match
Ruang 1,10:37:45,Ruang 1,B,Match
Ruang 1,10:37:45,Ruang 1,B,Match
Ruang 1,10:37:45,Ruang 1,B,Match
Ruang 1,10:37:45,Ruang 1,B,Match
Ruang 1,10:37:45,Ruang 1,B,Match
Ruang 1,10:37:45,Ruang 1,B,Match
Ruang 1,10:37:46,Ruang 1,B,Match
Ruang 1,10:37:46,Ruang 1,B,Match
Ruang 2,10:37:46,Ruang 1,B,Mismatch
Ruang 2,10:37:46,Ruang 1,B,Mismatch
Ruang 2,10:37:46,Ruang 1,B,Mismatch
Ruang 2,10:37:46,Ruang 1,B,Mismatch
Ruang 2,10:37:46,Ruang 1,B,Mismatch
Ruang 2,10:37:46,Ruang 1,B,Mismatch
Ruang 2,10:37:46,Ruang 1,B,Mismatch
Ruang 1,10:37:47,Ruang 1,B,Match
Ruang 1,10:37:47,Ruang 1,B,Match
Ruang 1,10:37:47,Ruang 1,B,Match
Ruang 2,10:37:47,Ruang 1,B,Mismatch
Ruang 2,10:37:47,Ruang 1,B,Mismatch
Ruang 2,10:37:47,Ruang 1,B,Mismatch
Ruang 1,10:37:47,Ruang 1,B,Match
Ruang 2,10:37:47,Ruang 1,B,Mismatch
Ruang 2,10:37:47,Ruang 1,B,Mismatch
Ruang 2,10:37:47,Ruang 1,B,Mismatch
Ruang 1,10:37:48,Ruang 1,B,Match
Ruang 1,10:37:48,Ruang 1,B,Match
Ruang 1,10:37:48,Ruang 1,B,Match
Ruang 1,10:37:48,Ruang 1,B,Match
Ruang 2,10:37:48,Ruang 1,B,Mismatch
Ruang 1,10:37:48,Ruang 1,B,Match
Ruang 1,10:37:48,Ruang 1,B,Match
Ruang 2,10:37:48,Ruang 1,B,Mismatch
Ruang 2,10:37:48,Ruang 1,B,Mismatch
Ruang 1,10:37:48,Ruang 1,B,Match
Ruang 1,10:37:48,Ruang 1,B,Match
Ruang 1,10:37:48,Ruang 1,B,Match
Ruang 1,10:37:49,Ruang 1,B,Match
Ruang 1,10:37:49,Ruang 1,B,Match
Ruang 1,10:37:49,Ruang 1,B,Match
Ruang 1,10:37:49,Ruang 1,B,Match
Ruang 1,10:37:49,Ruang 1,B,Match
Ruang 1,10:37:49,Ruang 1,B,Match
Ruang 1,10:37:49,Ruang 1,B,Match
Ruang 2,10:37:49,Ruang 1,B,Mismatch
Ruang 2,10:37:49,Ruang 1,B,Mismatch
Ruang 1,10:37:49,Ruang 1,B,Match
Ruang 1,10:37:49,Ruang 1,B,Match
Ruang 1,10:37:50,Ruang 1,B,Match
Ruang 1,10:37:50,Ruang 1,B,Match
Ruang 1,10:37:50,Ruang 1,B,Match
Ruang 1,10:37:50,Ruang 1,B,Match
Ruang 1,10:37:50,Ruang 1,B,Match
Ruang 1,10:37:50,Ruang 1,B,Match
Ruang 1,10:37:50,Ruang 1,B,Match
Ruang 1,10:37:50,Ruang 1,B,Match
Ruang 1,10:37:50,Ruang 1,B,Match
Ruang 1,10:37:50,Ruang 1,B,Match
Ruang 1,10:37:50,Ruang 1,B,Match
Ruang 1,10:37:50,Ruang 1,B,Match
Ruang 1,10:37:50,Ruang 1,B,Match
Ruang 1,10:37:50,Ruang 1,B,Match
Ruang 1,10:37:51,Ruang 1,B,Match
Ruang 2,10:37:51,Ruang 1,B,Mismatch
Ruang 2,10:37:51,Ruang 1,B,Mismatch
Ruang 2,10:37:51,Ruang 1,B,Mismatch
Ruang 2,10:37:51,Ruang 1,B,Mismatch
Ruang 2,10:37:51,Ruang 1,B,Mismatch
Ruang 2,10:37:52,Ruang 1,B,Mismatch
Ruang 1,10:37:52,Ruang 1,B,Match
Ruang 1,10:37:52,Ruang 1,B,Match
Ruang 1,10:37:52,Ruang 1,B,Match
Ruang 1,10:37:52,Ruang 1,B,Match
Ruang 1,10:37:52,Ruang 1,B,Match
Ruang 1,10:37:52,Ruang 1,B,Match
Ruang 1,10:37:52,Ruang 1,B,Match
Ruang 1,10:37:52,Ruang 1,B,Match
Ruang 2,10:37:53,Ruang 1,B,Mismatch
Ruang 1,10:37:53,Ruang 1,B,Match
Ruang 1,10:37:53,Ruang 1,B,Match
Ruang 1,10:37:53,Ruang 1,B,Match
Ruang 1,10:37:53,Ruang 1,B,Match
Ruang 1,10:37:53,Ruang 1,B,Match
Ruang 1,10:37:53,Ruang 1,B,Match
Ruang 1,10:37:53,Ruang 1,B,Match
Ruang 1,10:37:54,Ruang 1,B,Match
Ruang 1,10:37:54,Ruang 1,B,Match
Ruang 1,10:37:54,Ruang 1,B,Match
Ruang 1,10:37:54,Ruang 1,B,Match
Ruang 2,10:37:54,Ruang 1,B,Mismatch
Ruang 1,10:37:54,Ruang 1,B,Match
Ruang 1,10:37:54,Ruang 1,B,Match
Ruang 1,10:37:54,Ruang 1,B,Match
Ruang 1,10:37:54,Ruang 1,B,Match
Ruang 1,10:37:54,Ruang 1,B,Match
Ruang 1,10:37:55,Ruang 1,B,Match
Ruang 1,10:37:55,Ruang 1,B,Match
Ruang 1,10:37:55,Ruang 1,B,Match
Ruang 1,10:37:55,Ruang 1,B,Match
Ruang 2,10:37:55,Ruang 1,B,Mismatch
Ruang 1,10:37:55,Ruang 1,B,Match
Ruang 1,10:37:55,Ruang 1,B,Match
Ruang 1,10:37:55,Ruang 1,B,Match
Ruang 1,10:37:55,Ruang 1,B,Match
Ruang 1,10:37:56,Ruang 1,B,Match
Ruang 1,10:37:56,Ruang 1,B,Match
Ruang 1,10:37:56,Ruang 1,B,Match
Ruang 1,10:37:56,Ruang 1,B,Match
Ruang 1,10:37:56,Ruang 1,B,Match
Ruang 1,10:37:56,Ruang 1,B,Match
Ruang 1,10:37:56,Ruang 1,B,Match
Ruang 1,10:37:56,Ruang 1,B,Match
Ruang 1,10:37:56,Ruang 1,B,Match
Ruang 1,10:37:57,Ruang 1,B,Match
Ruang 1,10:37:57,Ruang 1,B,Match
Ruang 1,10:37:57,Ruang 1,B,Match
Ruang 1,10:37:57,Ruang 1,B,Match
Ruang 1,10:37:57,Ruang 1,B,Match
Ruang 1,10:37:57,Ruang 1,B,Match
Ruang 1,10:37:57,Ruang 1,B,Match
Ruang 1,10:37:57,Ruang 1,B,Match
Ruang 1,10:37:57,Ruang 1,B,Match
Ruang 1,10:37:57,Ruang 1,B,Match
Ruang 2,10:37:58,Ruang 1,B,Mismatch
Ruang 2,10:37:58,Ruang 1,B,Mismatch
Ruang 1,10:38:36,Ruang 1,C,Match
Ruang 1,10:38:36,Ruang 1,C,Match
Ruang 1,10:38:36,Ruang 1,C,Match
Ruang 1,10:38:36,Ruang 1,C,Match
Ruang 1,10:38:36,Ruang 1,C,Match
Ruang 1,10:38:36,Ruang 1,C,Match
Ruang 2,10:38:37,Ruang 1,C,Mismatch
Ruang 2,10:38:37,Ruang 1,C,Mismatch
Ruang 2,10:38:37,Ruang 1,C,Mismatch
Ruang 2,10:38:37,Ruang 1,C,Mismatch
Ruang 2,10:38:37,Ruang 1,C,Mismatch
Ruang 2,10:38:37,Ruang 1,C,Mismatch
Ruang 1,10:38:38,Ruang 1,C,Match
Ruang 1,10:38:39,Ruang 1,C,Match
Ruang 1,10:38:39,Ruang 1,C,Match
Ruang 1,10:38:39,Ruang 1,C,Match
Ruang 1,10:38:39,Ruang 1,C,Match
Ruang 2,10:38:39,Ruang 1,C,Mismatch
Ruang 2,10:38:39,Ruang 1,C,Mismatch
Ruang 2,10:38:39,Ruang 1,C,Mismatch
Ruang 2,10:38:40,Ruang 1,C,Mismatch
Ruang 2,10:38:40,Ruang 1,C,Mismatch
Ruang 2,10:38:40,Ruang 1,C,Mismatch
Ruang 2,10:38:40,Ruang 1,C,Mismatch
Ruang 1,10:38:40,Ruang 1,C,Match
Ruang 1,10:38:41,Ruang 1,C,Match
Ruang 1,10:38:41,Ruang 1,C,Match
Ruang 1,10:38:41,Ruang 1,C,Match
Ruang 1,10:38:41,Ruang 1,C,Match
Ruang 2,10:38:42,Ruang 1,C,Mismatch
Ruang 2,10:38:42,Ruang 1,C,Mismatch
Ruang 1,10:38:43,Ruang 1,C,Match
Ruang 1,10:38:43,Ruang 1,C,Match
Ruang 2,10:38:43,Ruang 1,C,Mismatch
Ruang 1,10:38:43,Ruang 1,C,Match
Ruang 1,10:38:43,Ruang 1,C,Match
Ruang 1,10:38:43,Ruang 1,C,Match
Ruang 1,10:38:44,Ruang 1,C,Match
Ruang 1,10:38:44,Ruang 1,C,Match
Ruang 1,10:38:44,Ruang 1,C,Match
Ruang 1,10:38:44,Ruang 1,C,Match
Ruang 1,10:38:44,Ruang 1,C,Match
Ruang 2,10:38:45,Ruang 1,C,Mismatch
Ruang 2,10:38:45,Ruang 1,C,Mismatch
Ruang 1,10:38:46,Ruang 1,C,Match
Ruang 1,10:38:46,Ruang 1,C,Match
Ruang 1,10:38:46,Ruang 1,C,Match
Ruang 1,10:38:47,Ruang 1,C,Match
Ruang 1,10:38:47,Ruang 1,C,Match
Ruang 1,10:38:47,Ruang 1,C,Match
Ruang 1,10:38:48,Ruang 1,C,Match
Ruang 1,10:38:48,Ruang 1,C,Match
Ruang 1,10:38:48,Ruang 1,C,Match
Ruang 2,10:38:48,Ruang 1,C,Mismatch
Ruang 2,10:38:48,Ruang 1,C,Mismatch
Ruang 2,10:38:48,Ruang 1,C,Mismatch
Ruang 2,10:38:48,Ruang 1,C,Mismatch
Ruang 2,10:38:48,Ruang 1,C,Mismatch
Ruang 2,10:38:49,Ruang 1,C,Mismatch
Ruang 2,10:38:49,Ruang 1,C,Mismatch
Ruang 2,10:38:49,Ruang 1,C,Mismatch
Ruang 2,10:38:49,Ruang 1,C,Mismatch
Ruang 2,10:38:49,Ruang 1,C,Mismatch
Ruang 2,10:38:49,Ruang 1,C,Mismatch
Ruang 1,10:38:50,Ruang 1,C,Match
Ruang 1,10:38:50,Ruang 1,C,Match
Ruang 1,10:38:51,Ruang 1,C,Match
Ruang 1,10:38:51,Ruang 1,C,Match
Ruang 1,10:38:51,Ruang 1,C,Match
Ruang 1,10:38:52,Ruang 1,C,Match
Ruang 1,10:38:52,Ruang 1,C,Match
Ruang 2,10:38:52,Ruang 1,C,Mismatch
Ruang 1,10:38:52,Ruang 1,C,Match
Ruang 1,10:38:52,Ruang 1,C,Match
Ruang 1,10:38:53,Ruang 1,C,Match
Ruang 1,10:38:53,Ruang 1,C,Match
Ruang 1,10:38:53,Ruang 1,C,Match
Ruang 1,10:38:54,Ruang 1,C,Match
Ruang 1,10:38:54,Ruang 1,C,Match
Ruang 1,10:38:54,Ruang 1,C,Match
Ruang 1,10:38:54,Ruang 1,C,Match
Ruang 1,10:38:54,Ruang 1,C,Match
Ruang 1,10:38:55,Ruang 1,C,Match
Ruang 1,10:38:55,Ruang 1,C,Match
Ruang 1,10:38:55,Ruang 1,C,Match
Ruang 2,10:38:55,Ruang 1,C,Mismatch
Ruang 2,10:38:55,Ruang 1,C,Mismatch
Ruang 2,10:38:55,Ruang 1,C,Mismatch
Ruang 2,10:38:56,Ruang 1,C,Mismatch
Ruang 2,10:38:56,Ruang 1,C,Mismatch
Ruang 2,10:38:56,Ruang 1,C,Mismatch
Ruang 1,10:38:56,Ruang 1,C,Match
Ruang 1,10:38:56,Ruang 1,C,Match
Ruang 2,10:38:57,Ruang 1,C,Mismatch
Ruang 2,10:38:57,Ruang 1,C,Mismatch
Ruang 1,10:38:57,Ruang 1,C,Match
Ruang 1,10:38:57,Ruang 1,C,Match
Ruang 2,10:38:57,Ruang 1,C,Mismatch
Ruang 2,10:38:57,Ruang 1,C,Mismatch
Ruang 2,10:38:57,Ruang 1,C,Mismatch
Ruang 2,10:38:57,Ruang 1,C,Mismatch
Ruang 2,10:38:58,Ruang 1,C,Mismatch
Ruang 2,10:38:58,Ruang 1,C,Mismatch
Ruang 2,10:38:58,Ruang 1,C,Mismatch
Ruang 2,10:38:58,Ruang 1,C,Mismatch
Ruang 1,10:38:58,Ruang 1,C,Match
Ruang 1,10:38:58,Ruang 1,C,Match
Ruang 2,10:38:58,Ruang 1,C,Mismatch
Ruang 1,10:38:58,Ruang 1,C,Match
Ruang 1,10:38:59,Ruang 1,C,Match
Ruang 2,10:38:59,Ruang 1,C,Mismatch
Ruang 1,10:38:59,Ruang 1,C,Match
Ruang 2,10:38:59,Ruang 1,C,Mismatch
Ruang 2,10:38:59,Ruang 1,C,Mismatch
Ruang 2,10:38:59,Ruang 1,C,Mismatch
Ruang 1,10:39:00,Ruang 1,C,Match
Ruang 1,10:39:00,Ruang 1,C,Match
Ruang 1,10:39:00,Ruang 1,C,Match
Ruang 1,10:39:00,Ruang 1,C,Match
Ruang 1,10:39:01,Ruang 1,C,Match
Ruang 1,10:39:01,Ruang 1,C,Match
Ruang 1,10:39:01,Ruang 1,C,Match
Ruang 1,10:39:01,Ruang 1,C,Match
Ruang 1,10:39:01,Ruang 1,C,Match
Ruang 1,10:39:02,Ruang 1,C,Match
Ruang 1,10:39:02,Ruang 1,C,Match
Ruang 1,10:39:02,Ruang 1,C,Match
Ruang 1,10:39:02,Ruang 1,C,Match
Ruang 1,10:39:02,Ruang 1,C,Match
Ruang 1,10:39:02,Ruang 1,C,Match
Ruang 1,10:39:02,Ruang 1,C,Match
Ruang 1,10:39:03,Ruang 1,C,Match
Ruang 1,10:39:03,Ruang 1,C,Match
Ruang 1,10:39:03,Ruang 1,C,Match
Ruang 1,10:39:03,Ruang 1,C,Match
Ruang 1,10:39:04,Ruang 1,C,Match
Ruang 1,10:39:04,Ruang 1,C,Match
Ruang 1,10:39:04,Ruang 1,C,Match
Ruang 1,10:39:04,Ruang 1,C,Match
Ruang 1,10:39:05,Ruang 1,C,Match
Ruang 1,10:39:05,Ruang 1,C,Match
Ruang 1,10:39:46,Ruang 1,D,Match
Ruang 1,10:39:46,Ruang 1,D,Match
Ruang 1,10:39:47,Ruang 1,D,Match
Ruang 1,10:39:47,Ruang 1,D,Match
Ruang 1,10:39:47,Ruang 1,D,Match
Ruang 1,10:39:47,Ruang 1,D,Match
Ruang 2,10:39:47,Ruang 1,D,Mismatch
Ruang 2,10:39:47,Ruang 1,D,Mismatch
Ruang 1,10:39:48,Ruang 1,D,Match
Ruang 1,10:39:48,Ruang 1,D,Match
Ruang 1,10:39:48,Ruang 1,D,Match
Ruang 1,10:39:49,Ruang 1,D,Match
Ruang 1,10:39:49,Ruang 1,D,Match
Ruang 1,10:39:49,Ruang 1,D,Match
Ruang 1,10:39:49,Ruang 1,D,Match
Ruang 1,10:39:49,Ruang 1,D,Match
Ruang 1,10:39:50,Ruang 1,D,Match
Ruang 1,10:39:50,Ruang 1,D,Match
Ruang 1,10:39:50,Ruang 1,D,Match
Ruang 1,10:39:50,Ruang 1,D,Match
Ruang 1,10:39:50,Ruang 1,D,Match
Ruang 1,10:39:50,Ruang 1,D,Match
Ruang 1,10:39:51,Ruang 1,D,Match
Ruang 1,10:39:51,Ruang 1,D,Match
Ruang 1,10:39:51,Ruang 1,D,Match
Ruang 1,10:39:51,Ruang 1,D,Match
Ruang 1,10:39:51,Ruang 1,D,Match
Ruang 1,10:39:52,Ruang 1,D,Match
Ruang 1,10:39:52,Ruang 1,D,Match
Ruang 1,10:39:52,Ruang 1,D,Match
Ruang 1,10:39:52,Ruang 1,D,Match
Ruang 1,10:39:52,Ruang 1,D,Match
Ruang 1,10:39:52,Ruang 1,D,Match
Ruang 1,10:39:53,Ruang 1,D,Match
Ruang 1,10:39:53,Ruang 1,D,Match
Ruang 1,10:39:53,Ruang 1,D,Match
Ruang 1,10:39:53,Ruang 1,D,Match
Ruang 1,10:39:53,Ruang 1,D,Match
Ruang 1,10:39:54,Ruang 1,D,Match
Ruang 1,10:39:54,Ruang 1,D,Match
Ruang 1,10:39:54,Ruang 1,D,Match
Ruang 1,10:39:54,Ruang 1,D,Match
Ruang 1,10:39:54,Ruang 1,D,Match
Ruang 1,10:39:55,Ruang 1,D,Match
Ruang 1,10:39:55,Ruang 1,D,Match
Ruang 1,10:39:55,Ruang 1,D,Match
Ruang 1,10:39:55,Ruang 1,D,Match
Ruang 2,10:39:55,Ruang 1,D,Mismatch
Ruang 2,10:39:55,Ruang 1,D,Mismatch
Ruang 1,10:39:55,Ruang 1,D,Match
Ruang 1,10:39:55,Ruang 1,D,Match
Ruang 1,10:39:55,Ruang 1,D,Match
Ruang 1,10:39:55,Ruang 1,D,Match
Ruang 1,10:39:56,Ruang 1,D,Match
Ruang 1,10:39:56,Ruang 1,D,Match
Ruang 1,10:39:56,Ruang 1,D,Match
Ruang 1,10:39:56,Ruang 1,D,Match
Ruang 1,10:39:57,Ruang 1,D,Match
Ruang 1,10:39:57,Ruang 1,D,Match
Ruang 1,10:39:57,Ruang 1,D,Match
Ruang 1,10:39:57,Ruang 1,D,Match
Ruang 1,10:39:57,Ruang 1,D,Match
Ruang 2,10:39:58,Ruang 1,D,Mismatch
Ruang 1,10:39:58,Ruang 1,D,Match
Ruang 1,10:39:58,Ruang 1,D,Match
Ruang 1,10:39:58,Ruang 1,D,Match
Ruang 2,10:39:58,Ruang 1,D,Mismatch
Ruang 2,10:39:58,Ruang 1,D,Mismatch
Ruang 2,10:39:58,Ruang 1,D,Mismatch
Ruang 2,10:39:58,Ruang 1,D,Mismatch
Ruang 1,10:39:58,Ruang 1,D,Match
Ruang 1,10:39:59,Ruang 1,D,Match
Ruang 1,10:39:59,Ruang 1,D,Match
Ruang 1,10:39:59,Ruang 1,D,Match
Ruang 1,10:39:59,Ruang 1,D,Match
Ruang 2,10:39:59,Ruang 1,D,Mismatch
Lorong,10:39:59,Ruang 1,D,Mismatch
Lorong,10:39:59,Ruang 1,D,Mismatch
Lorong,10:39:59,Ruang 1,D,Mismatch
Lorong,10:39:59,Ruang 1,D,Mismatch
Lorong,10:39:59,Ruang 1,D,Mismatch
Lorong,10:39:59,Ruang 1,D,Mismatch
Lorong,10:40:00,Ruang 1,D,Mismatch
Lorong,10:40:00,Ruang 1,D,Mismatch
Lorong,10:40:00,Ruang 1,D,Mismatch
Lorong,10:40:00,Ruang 1,D,Mismatch
Lorong,10:40:00,Ruang 1,D,Mismatch
Lorong,10:40:00,Ruang 1,D,Mismatch
Ruang 1,10:40:00,Ruang 1,D,Match
Ruang 1,10:40:00,Ruang 1,D,Match
Lorong,10:40:00,Ruang 1,D,Mismatch
Lorong,10:40:00,Ruang 1,D,Mismatch
Ruang 1,10:40:00,Ruang 1,D,Match
Ruang 1,10:40:00,Ruang 1,D,Match
Ruang 1,10:40:00,Ruang 1,D,Match
Ruang 2,10:40:01,Ruang 1,D,Mismatch
Ruang 1,10:40:01,Ruang 1,D,Match
Ruang 1,10:40:01,Ruang 1,D,Match
Ruang 1,10:40:01,Ruang 1,D,Match
Ruang 2,10:40:01,Ruang 1,D,Mismatch
Ruang 2,10:40:01,Ruang 1,D,Mismatch
Ruang 2,10:40:01,Ruang 1,D,Mismatch
Ruang 2,10:40:02,Ruang 1,D,Mismatch
Ruang 2,10:40:02,Ruang 1,D,Mismatch
Ruang 2,10:40:02,Ruang 1,D,Mismatch
Ruang 1,10:40:02,Ruang 1,D,Match
Ruang 1,10:40:02,Ruang 1,D,Match
Ruang 2,10:40:03,Ruang 1,D,Mismatch
Ruang 2,10:40:03,Ruang 1,D,Mismatch
Ruang 2,10:40:03,Ruang 1,D,Mismatch
Ruang 1,10:40:03,Ruang 1,D,Match
Ruang 2,10:40:03,Ruang 1,D,Mismatch
Ruang 1,10:40:03,Ruang 1,D,Match
Ruang 1,10:40:03,Ruang 1,D,Match
Ruang 2,10:40:04,Ruang 1,D,Mismatch
Ruang 1,10:40:04,Ruang 1,D,Match
Ruang 1,10:40:04,Ruang 1,D,Match
Ruang 2,10:40:04,Ruang 1,D,Mismatch
Ruang 2,10:40:05,Ruang 1,D,Mismatch
Ruang 2,10:40:05,Ruang 1,D,Mismatch
Ruang 2,10:40:05,Ruang 1,D,Mismatch
Ruang 2,10:40:05,Ruang 1,D,Mismatch
Ruang 1,10:40:05,Ruang 1,D,Match
Ruang 2,10:40:05,Ruang 1,D,Mismatch
Ruang 1,10:40:06,Ruang 1,D,Match
Ruang 2,10:40:06,Ruang 1,D,Mismatch
Ruang 1,10:40:06,Ruang 1,D,Match
Ruang 1,10:40:06,Ruang 1,D,Match
Ruang 1,10:40:06,Ruang 1,D,Match
Ruang 2,10:40:06,Ruang 1,D,Mismatch
Ruang 2,10:40:07,Ruang 1,D,Mismatch
Ruang 1,10:40:07,Ruang 1,D,Match
Ruang 1,10:40:07,Ruang 1,D,Match
Ruang 1,10:40:07,Ruang 1,D,Match
Ruang 1,10:40:07,Ruang 1,D,Match
Ruang 1,10:40:07,Ruang 1,D,Match
Ruang 1,10:40:07,Ruang 1,D,Match
Ruang 1,10:40:07,Ruang 1,D,Match
Ruang 1,10:40:08,Ruang 1,D,Match
Ruang 1,10:40:08,Ruang 1,D,Match
Ruang 2,10:40:08,Ruang 1,D,Mismatch
Ruang 1,10:40:08,Ruang 1,D,Match
Ruang 1,10:40:08,Ruang 1,D,Match
Ruang 1,10:40:08,Ruang 1,D,Match
Ruang 1,10:40:08,Ruang 1,D,Match
Ruang 1,10:40:08,Ruang 1,D,Match
Ruang 1,10:40:09,Ruang 1,D,Match
Ruang 1,10:40:09,Ruang 1,D,Match
Ruang 1,10:40:09,Ruang 1,D,Match
Ruang 1,10:40:09,Ruang 1,D,Match
Ruang 1,10:40:09,Ruang 1,D,Match
Ruang 2,10:40:09,Ruang 1,D,Mismatch
Ruang 1,10:40:09,Ruang 1,D,Match
Ruang 2,10:40:10,Ruang 1,D,Mismatch
Ruang 2,10:40:10,Ruang 1,D,Mismatch
Ruang 2,10:40:10,Ruang 1,D,Mismatch
Ruang 1,10:40:10,Ruang 1,D,Match
Ruang 2,10:40:10,Ruang 1,D,Mismatch
Ruang 2,10:40:10,Ruang 1,D,Mismatch
Ruang 2,10:40:10,Ruang 1,D,Mismatch
Ruang 2,10:40:10,Ruang 1,D,Mismatch
Ruang 2,10:40:10,Ruang 1,D,Mismatch
Ruang 2,10:40:10,Ruang 1,D,Mismatch
Ruang 2,10:40:10,Ruang 1,D,Mismatch
Ruang 1,10:40:10,Ruang 1,D,Match
Ruang 1,10:40:11,Ruang 1,D,Match
Ruang 1,10:40:11,Ruang 1,D,Match
Ruang 2,10:40:11,Ruang 1,D,Mismatch
Ruang 1,10:40:11,Ruang 1,D,Match
Ruang 2,10:40:11,Ruang 1,D,Mismatch
Ruang 2,10:40:11,Ruang 1,D,Mismatch
Ruang 1,10:40:11,Ruang 1,D,Match
Ruang 1,10:40:11,Ruang 1,D,Match
Ruang 1,10:40:11,Ruang 1,D,Match
Ruang 1,10:40:11,Ruang 1,D,Match
Ruang 1,10:40:11,Ruang 1,D,Match
Ruang 2,10:40:11,Ruang 1,D,Mismatch
Ruang 2,10:40:11,Ruang 1,D,Mismatch
Ruang 1,10:40:11,Ruang 1,D,Match
Ruang 1,10:40:12,Ruang 1,D,Match
Ruang 1,10:40:12,Ruang 1,D,Match
Ruang 1,10:40:12,Ruang 1,D,Match
Ruang 1,10:40:12,Ruang 1,D,Match
Ruang 1,10:40:12,Ruang 1,D,Match
Ruang 1,10:40:12,Ruang 1,D,Match
Ruang 1,10:40:12,Ruang 1,D,Match
Lorong,10:40:12,Ruang 1,D,Mismatch
Lorong,10:40:12,Ruang 1,D,Mismatch
Lorong,10:40:12,Ruang 1,D,Mismatch
Ruang 1,10:40:12,Ruang 1,D,Match
Ruang 1,10:40:13,Ruang 1,D,Match
Ruang 1,10:40:13,Ruang 1,D,Match
Ruang 1,10:40:13,Ruang 1,D,Match
Ruang 1,10:40:13,Ruang 1,D,Match
Ruang 1,10:40:13,Ruang 1,D,Match
Ruang 1,10:40:13,Ruang 1,D,Match
Ruang 1,10:40:13,Ruang 1,D,Match
Ruang 1,10:40:13,Ruang 1,D,Match
Ruang 1,10:40:13,Ruang 1,D,Match
Ruang 1,10:40:13,Ruang 1,D,Match
Ruang 1,10:40:14,Ruang 1,D,Match
Ruang 1,10:40:14,Ruang 1,D,Match
Ruang 1,10:40:14,Ruang 1,D,Match
Ruang 1,10:40:14,Ruang 1,D,Match
Ruang 1,10:40:14,Ruang 1,D,Match
Ruang 1,10:40:14,Ruang 1,D,Match
Ruang 1,10:40:14,Ruang 1,D,Match
Ruang 1,10:40:14,Ruang 1,D,Match
Ruang 1,10:40:14,Ruang 1,D,Match
Ruang 1,10:40:15,Ruang 1,D,Match
Ruang 1,10:40:15,Ruang 1,D,Match
Ruang 1,10:40:15,Ruang 1,D,Match
Ruang 1,10:40:15,Ruang 1,D,Match
Ruang 1,10:40:15,Ruang 1,D,Match
Ruang 1,10:40:15,Ruang 1,D,Match
Ruang 1,10:40:16,Ruang 1,D,Match
Ruang 1,10:40:16,Ruang 1,D,Match
Ruang 1,10:40:16,Ruang 1,D,Match
Ruang 1,10:40:16,Ruang 1,D,Match
Ruang 1,10:40:16,Ruang 1,D,Match
Ruang 1,10:40:16,Ruang 1,D,Match
Ruang 1,10:40:16,Ruang 1,D,Match
Ruang 1,10:40:16,Ruang 1,D,Match
Ruang 1,10:40:17,Ruang 1,D,Match
Ruang 1,10:40:17,Ruang 1,D,Match
Ruang 1,10:40:17,Ruang 1,D,Match
Ruang 1,10:40:17,Ruang 1,D,Match
Ruang 1,10:40:18,Ruang 1,D,Match
Ruang 1,10:40:18,Ruang 1,D,Match
Lorong,10:43:15,Lorong,A,Match
Lorong,10:43:15,Lorong,A,Match
Lorong,10:43:16,Lorong,A,Match
Lorong,10:43:16,Lorong,A,Match
Lorong,10:43:16,Lorong,A,Match
Lorong,10:43:16,Lorong,A,Match
Lorong,10:43:16,Lorong,A,Match
Lorong,10:43:17,Lorong,A,Match
Lorong,10:43:17,Lorong,A,Match
Lorong,10:43:18,Lorong,A,Match
Lorong,10:43:18,Lorong,A,Match
Lorong,10:43:18,Lorong,A,Match
Lorong,10:43:18,Lorong,A,Match
Lorong,10:43:18,Lorong,A,Match
Lorong,10:43:19,Lorong,A,Match
Lorong,10:43:19,Lorong,A,Match
Lorong,10:43:19,Lorong,A,Match
Lorong,10:43:19,Lorong,A,Match
Lorong,10:43:19,Lorong,A,Match
Lorong,10:43:19,Lorong,A,Match
Lorong,10:43:19,Lorong,A,Match
Lorong,10:43:20,Lorong,A,Match
Lorong,10:43:20,Lorong,A,Match
Lorong,10:43:20,Lorong,A,Match
Lorong,10:43:20,Lorong,A,Match
Lorong,10:43:20,Lorong,A,Match
Lorong,10:43:20,Lorong,A,Match
Lorong,10:43:20,Lorong,A,Match
Lorong,10:43:21,Lorong,A,Match
Lorong,10:43:21,Lorong,A,Match
Lorong,10:43:21,Lorong,A,Match
Lorong,10:43:21,Lorong,A,Match
Lorong,10:43:21,Lorong,A,Match
Lorong,10:43:21,Lorong,A,Match
Lorong,10:43:21,Lorong,A,Match
Lorong,10:43:21,Lorong,A,Match
Lorong,10:43:21,Lorong,A,Match
Lorong,10:43:22,Lorong,A,Match
Lorong,10:43:22,Lorong,A,Match
Lorong,10:43:22,Lorong,A,Match
Lorong,10:43:22,Lorong,A,Match
Lorong,10:43:23,Lorong,A,Match
Lorong,10:43:23,Lorong,A,Match
Lorong,10:43:23,Lorong,A,Match
Lorong,10:43:23,Lorong,A,Match
Lorong,10:43:24,Lorong,A,Match
Lorong,10:43:24,Lorong,A,Match
Lorong,10:43:24,Lorong,A,Match
Lorong,10:43:24,Lorong,A,Match
Lorong,10:43:24,Lorong,A,Match
Lorong,10:43:25,Lorong,A,Match
Lorong,10:43:25,Lorong,A,Match
Lorong,10:43:25,Lorong,A,Match
Lorong,10:43:25,Lorong,A,Match
Lorong,10:43:26,Lorong,A,Match
Lorong,10:43:26,Lorong,A,Match
Lorong,10:43:26,Lorong,A,Match
Lorong,10:43:26,Lorong,A,Match
Lorong,10:43:26,Lorong,A,Match
Lorong,10:43:27,Lorong,A,Match
Lorong,10:43:27,Lorong,A,Match
Lorong,10:43:27,Lorong,A,Match
Lorong,10:43:27,Lorong,A,Match
Lorong,10:43:27,Lorong,A,Match
Lorong,10:43:27,Lorong,A,Match
Lorong,10:43:27,Lorong,A,Match
Lorong,10:43:27,Lorong,A,Match
Lorong,10:43:28,Lorong,A,Match
Lorong,10:43:28,Lorong,A,Match
Lorong,10:43:28,Lorong,A,Match
Lorong,10:43:28,Lorong,A,Match
Lorong,10:43:28,Lorong,A,Match
Lorong,10:43:28,Lorong,A,Match
Lorong,10:43:28,Lorong,A,Match
Lorong,10:43:28,Lorong,A,Match
Lorong,10:43:28,Lorong,A,Match
Lorong,10:43:29,Lorong,A,Match
Lorong,10:43:29,Lorong,A,Match
Lorong,10:43:29,Lorong,A,Match
Lorong,10:43:29,Lorong,A,Match
Lorong,10:43:29,Lorong,A,Match
Lorong,10:43:30,Lorong,A,Match
Lorong,10:43:30,Lorong,A,Match
Lorong,10:43:30,Lorong,A,Match
Lorong,10:43:30,Lorong,A,Match
Lorong,10:43:30,Lorong,A,Match
Lorong,10:43:31,Lorong,A,Match
Lorong,10:43:31,Lorong,A,Match
Lorong,10:43:31,Lorong,A,Match
Lorong,10:43:31,Lorong,A,Match
Lorong,10:43:31,Lorong,A,Match
Lorong,10:43:31,Lorong,A,Match
Lorong,10:43:31,Lorong,A,Match
Lorong,10:43:31,Lorong,A,Match
Lorong,10:43:31,Lorong,A,Match
Lorong,10:43:32,Lorong,A,Match
Lorong,10:43:32,Lorong,A,Match
Lorong,10:43:32,Lorong,A,Match
Lorong,10:43:32,Lorong,A,Match
Lorong,10:43:32,Lorong,A,Match
Lorong,10:43:32,Lorong,A,Match
Lorong,10:43:32,Lorong,A,Match
Lorong,10:43:32,Lorong,A,Match
Lorong,10:43:33,Lorong,A,Match
Lorong,10:43:33,Lorong,A,Match
Lorong,10:43:33,Lorong,A,Match
Lorong,10:43:33,Lorong,A,Match
Lorong,10:43:33,Lorong,A,Match
Lorong,10:43:33,Lorong,A,Match
Lorong,10:43:33,Lorong,A,Match
Lorong,10:43:34,Lorong,A,Match
Ruang 1,10:43:35,Lorong,A,Mismatch
Lorong,10:43:35,Lorong,A,Match
Lorong,10:43:35,Lorong,A,Match
Lorong,10:43:35,Lorong,A,Match
Lorong,10:43:36,Lorong,A,Match
Lorong,10:43:36,Lorong,A,Match
Lorong,10:43:36,Lorong,A,Match
Lorong,10:43:36,Lorong,A,Match
Lorong,10:43:36,Lorong,A,Match
Lorong,10:43:36,Lorong,A,Match
Lorong,10:43:36,Lorong,A,Match
Lorong,10:43:36,Lorong,A,Match
Lorong,10:43:37,Lorong,A,Match
Lorong,10:43:37,Lorong,A,Match
Lorong,10:43:37,Lorong,A,Match
Lorong,10:43:37,Lorong,A,Match
Lorong,10:43:37,Lorong,A,Match
Lorong,10:43:37,Lorong,A,Match
Lorong,10:43:37,Lorong,A,Match
Lorong,10:43:38,Lorong,A,Match
Lorong,10:43:38,Lorong,A,Match
Lorong,10:43:38,Lorong,A,Match
Lorong,10:43:38,Lorong,A,Match
Lorong,10:43:38,Lorong,A,Match
Lorong,10:43:39,Lorong,A,Match
Lorong,10:43:39,Lorong,A,Match
Lorong,10:43:39,Lorong,A,Match
Lorong,10:43:39,Lorong,A,Match
Lorong,10:43:39,Lorong,A,Match
Lorong,10:43:39,Lorong,A,Match
Lorong,10:43:39,Lorong,A,Match
Lorong,10:43:39,Lorong,A,Match
Lorong,10:43:39,Lorong,A,Match
Lorong,10:43:40,Lorong,A,Match
Lorong,10:43:40,Lorong,A,Match
Lorong,10:43:40,Lorong,A,Match
Lorong,10:43:40,Lorong,A,Match
Lorong,10:43:40,Lorong,A,Match
Lorong,10:43:40,Lorong,A,Match
Lorong,10:43:40,Lorong,A,Match
Lorong,10:43:40,Lorong,A,Match
Lorong,10:43:40,Lorong,A,Match
Lorong,10:43:40,Lorong,A,Match
Lorong,10:43:41,Lorong,A,Match
Lorong,10:43:41,Lorong,A,Match
Lorong,10:43:41,Lorong,A,Match
Lorong,10:43:41,Lorong,A,Match
Lorong,10:43:41,Lorong,A,Match
Lorong,10:43:41,Lorong,A,Match
Lorong,10:43:41,Lorong,A,Match
Lorong,10:43:41,Lorong,A,Match
Lorong,10:43:42,Lorong,A,Match
Lorong,10:43:42,Lorong,A,Match
Lorong,10:43:42,Lorong,A,Match
Lorong,10:43:43,Lorong,A,Match
Lorong,10:44:53,Lorong,B,Match
Lorong,10:44:53,Lorong,B,Match
Lorong,10:44:53,Lorong,B,Match
Lorong,10:44:53,Lorong,B,Match
Lorong,10:44:53,Lorong,B,Match
Lorong,10:44:54,Lorong,B,Match
Lorong,10:44:54,Lorong,B,Match
Lorong,10:44:54,Lorong,B,Match
Lorong,10:44:54,Lorong,B,Match
Lorong,10:44:55,Lorong,B,Match
Lorong,10:44:56,Lorong,B,Match
Lorong,10:44:56,Lorong,B,Match
Lorong,10:44:56,Lorong,B,Match
Lorong,10:44:56,Lorong,B,Match
Lorong,10:44:56,Lorong,B,Match
Lorong,10:44:57,Lorong,B,Match
Lorong,10:44:57,Lorong,B,Match
Lorong,10:44:57,Lorong,B,Match
Lorong,10:44:57,Lorong,B,Match
Lorong,10:44:58,Lorong,B,Match
Lorong,10:44:58,Lorong,B,Match
Lorong,10:44:58,Lorong,B,Match
Lorong,10:44:58,Lorong,B,Match
Lorong,10:44:58,Lorong,B,Match
Lorong,10:44:59,Lorong,B,Match
Lorong,10:44:59,Lorong,B,Match
Lorong,10:44:59,Lorong,B,Match
Lorong,10:44:59,Lorong,B,Match
Lorong,10:45:00,Lorong,B,Match
Lorong,10:45:00,Lorong,B,Match
Lorong,10:45:00,Lorong,B,Match
Lorong,10:45:00,Lorong,B,Match
Lorong,10:45:00,Lorong,B,Match
Lorong,10:45:01,Lorong,B,Match
Lorong,10:45:01,Lorong,B,Match
Lorong,10:45:01,Lorong,B,Match
Lorong,10:45:01,Lorong,B,Match
Lorong,10:45:01,Lorong,B,Match
Lorong,10:45:01,Lorong,B,Match
Lorong,10:45:02,Lorong,B,Match
Lorong,10:45:02,Lorong,B,Match
Lorong,10:45:02,Lorong,B,Match
Lorong,10:45:02,Lorong,B,Match
Lorong,10:45:02,Lorong,B,Match
Lorong,10:45:02,Lorong,B,Match
Lorong,10:45:02,Lorong,B,Match
Lorong,10:45:02,Lorong,B,Match
Lorong,10:45:03,Lorong,B,Match
Lorong,10:45:03,Lorong,B,Match
Lorong,10:45:03,Lorong,B,Match
Lorong,10:45:03,Lorong,B,Match
Lorong,10:45:03,Lorong,B,Match
Lorong,10:45:04,Lorong,B,Match
Lorong,10:45:04,Lorong,B,Match
Ruang 1,10:45:04,Lorong,B,Mismatch
Lorong,10:45:04,Lorong,B,Match
Lorong,10:45:04,Lorong,B,Match
Lorong,10:45:05,Lorong,B,Match
Lorong,10:45:05,Lorong,B,Match
Lorong,10:45:05,Lorong,B,Match
Lorong,10:45:05,Lorong,B,Match
Lorong,10:45:05,Lorong,B,Match
Lorong,10:45:06,Lorong,B,Match
Lorong,10:45:06,Lorong,B,Match
Lorong,10:45:06,Lorong,B,Match
Lorong,10:45:06,Lorong,B,Match
Lorong,10:45:06,Lorong,B,Match
Lorong,10:45:07,Lorong,B,Match
Lorong,10:45:07,Lorong,B,Match
Lorong,10:45:07,Lorong,B,Match
Lorong,10:45:07,Lorong,B,Match
Lorong,10:45:08,Lorong,B,Match
Lorong,10:45:08,Lorong,B,Match
Lorong,10:45:08,Lorong,B,Match
Lorong,10:45:09,Lorong,B,Match
Lorong,10:45:09,Lorong,B,Match
Lorong,10:45:09,Lorong,B,Match
Lorong,10:45:09,Lorong,B,Match
Lorong,10:45:09,Lorong,B,Match
Lorong,10:45:10,Lorong,B,Match
Lorong,10:45:10,Lorong,B,Match
Lorong,10:45:10,Lorong,B,Match
Lorong,10:45:10,Lorong,B,Match
Lorong,10:45:10,Lorong,B,Match
Lorong,10:45:11,Lorong,B,Match
Lorong,10:45:11,Lorong,B,Match
Lorong,10:45:11,Lorong,B,Match
Lorong,10:45:11,Lorong,B,Match
Lorong,10:45:11,Lorong,B,Match
Lorong,10:45:11,Lorong,B,Match
Lorong,10:45:12,Lorong,B,Match
Lorong,10:45:12,Lorong,B,Match
Lorong,10:45:12,Lorong,B,Match
Lorong,10:45:12,Lorong,B,Match
Lorong,10:45:12,Lorong,B,Match
Lorong,10:45:13,Lorong,B,Match
Lorong,10:45:13,Lorong,B,Match
Lorong,10:45:13,Lorong,B,Match
Lorong,10:45:13,Lorong,B,Match
Lorong,10:45:13,Lorong,B,Match
Lorong,10:45:14,Lorong,B,Match
Lorong,10:45:14,Lorong,B,Match
Lorong,10:45:14,Lorong,B,Match
Lorong,10:45:14,Lorong,B,Match
Lorong,10:45:14,Lorong,B,Match
Lorong,10:45:14,Lorong,B,Match
Lorong,10:45:15,Lorong,B,Match
Lorong,10:45:15,Lorong,B,Match
Lorong,10:45:15,Lorong,B,Match
Lorong,10:45:16,Lorong,B,Match
Lorong,10:45:16,Lorong,B,Match
Lorong,10:45:16,Lorong,B,Match
Lorong,10:45:16,Lorong,B,Match
Ruang 1,10:45:17,Lorong,B,Mismatch
Ruang 1,10:45:17,Lorong,B,Mismatch
Lorong,10:45:18,Lorong,B,Match
Lorong,10:45:18,Lorong,B,Match
Lorong,10:45:18,Lorong,B,Match
Lorong,10:45:18,Lorong,B,Match
Lorong,10:45:18,Lorong,B,Match
Lorong,10:45:18,Lorong,B,Match
Lorong,10:45:18,Lorong,B,Match
Lorong,10:45:19,Lorong,B,Match
Lorong,10:45:19,Lorong,B,Match
Lorong,10:45:19,Lorong,B,Match
Lorong,10:45:19,Lorong,B,Match
Lorong,10:45:19,Lorong,B,Match
Lorong,10:45:19,Lorong,B,Match
Lorong,10:45:19,Lorong,B,Match
Lorong,10:45:19,Lorong,B,Match
Lorong,10:45:20,Lorong,B,Match
Lorong,10:45:20,Lorong,B,Match
Lorong,10:45:20,Lorong,B,Match
Lorong,10:45:20,Lorong,B,Match
Lorong,10:45:20,Lorong,B,Match
Lorong,10:45:21,Lorong,B,Match
Lorong,10:45:21,Lorong,B,Match
Lorong,10:45:21,Lorong,B,Match
Lorong,10:45:21,Lorong,B,Match
Lorong,10:45:21,Lorong,B,Match
Lorong,10:45:22,Lorong,B,Match
Lorong,10:45:54,Lorong,C,Match
Lorong,10:45:54,Lorong,C,Match
Lorong,10:45:54,Lorong,C,Match
Lorong,10:45:54,Lorong,C,Match
Lorong,10:45:55,Lorong,C,Match
Lorong,10:45:55,Lorong,C,Match
Lorong,10:45:55,Lorong,C,Match
Lorong,10:45:55,Lorong,C,Match
Lorong,10:45:55,Lorong,C,Match
Lorong,10:45:55,Lorong,C,Match
Lorong,10:45:55,Lorong,C,Match
Lorong,10:45:55,Lorong,C,Match
Lorong,10:45:56,Lorong,C,Match
Lorong,10:45:56,Lorong,C,Match
Lorong,10:45:56,Lorong,C,Match
Lorong,10:45:56,Lorong,C,Match
Lorong,10:45:56,Lorong,C,Match
Ruang 1,10:45:56,Lorong,C,Mismatch
Lorong,10:45:57,Lorong,C,Match
Lorong,10:45:57,Lorong,C,Match
Lorong,10:45:57,Lorong,C,Match
Lorong,10:45:57,Lorong,C,Match
Lorong,10:45:57,Lorong,C,Match
Lorong,10:45:57,Lorong,C,Match
Lorong,10:45:57,Lorong,C,Match
Lorong,10:45:58,Lorong,C,Match
Lorong,10:45:58,Lorong,C,Match
Lorong,10:45:58,Lorong,C,Match
Lorong,10:45:58,Lorong,C,Match
Lorong,10:45:58,Lorong,C,Match
Lorong,10:45:58,Lorong,C,Match
Lorong,10:45:58,Lorong,C,Match
Lorong,10:45:59,Lorong,C,Match
Lorong,10:45:59,Lorong,C,Match
Lorong,10:45:59,Lorong,C,Match
Lorong,10:45:59,Lorong,C,Match
Lorong,10:45:59,Lorong,C,Match
Lorong,10:45:59,Lorong,C,Match
Lorong,10:46:00,Lorong,C,Match
Lorong,10:46:00,Lorong,C,Match
Lorong,10:46:00,Lorong,C,Match
Lorong,10:46:00,Lorong,C,Match
Lorong,10:46:00,Lorong,C,Match
Lorong,10:46:00,Lorong,C,Match
Lorong,10:46:00,Lorong,C,Match
Lorong,10:46:01,Lorong,C,Match
Lorong,10:46:01,Lorong,C,Match
Ruang 1,10:46:01,Lorong,C,Mismatch
Lorong,10:46:01,Lorong,C,Match
Lorong,10:46:01,Lorong,C,Match
Lorong,10:46:01,Lorong,C,Match
Lorong,10:46:01,Lorong,C,Match
Lorong,10:46:01,Lorong,C,Match
Lorong,10:46:01,Lorong,C,Match
Lorong,10:46:02,Lorong,C,Match
Lorong,10:46:02,Lorong,C,Match
Lorong,10:46:02,Lorong,C,Match
Lorong,10:46:02,Lorong,C,Match
Lorong,10:46:02,Lorong,C,Match
Lorong,10:46:02,Lorong,C,Match
Lorong,10:46:02,Lorong,C,Match
Lorong,10:46:02,Lorong,C,Match
Lorong,10:46:02,Lorong,C,Match
Lorong,10:46:03,Lorong,C,Match
Lorong,10:46:03,Lorong,C,Match
Lorong,10:46:03,Lorong,C,Match
Lorong,10:46:03,Lorong,C,Match
Lorong,10:46:03,Lorong,C,Match
Lorong,10:46:04,Lorong,C,Match
Lorong,10:46:04,Lorong,C,Match
Lorong,10:46:04,Lorong,C,Match
Lorong,10:46:04,Lorong,C,Match
Lorong,10:46:04,Lorong,C,Match
Lorong,10:46:04,Lorong,C,Match
Lorong,10:46:05,Lorong,C,Match
Lorong,10:46:05,Lorong,C,Match
Lorong,10:46:05,Lorong,C,Match
Lorong,10:46:05,Lorong,C,Match
Lorong,10:46:05,Lorong,C,Match
Lorong,10:46:05,Lorong,C,Match
Lorong,10:46:05,Lorong,C,Match
Lorong,10:46:05,Lorong,C,Match
Lorong,10:46:05,Lorong,C,Match
Lorong,10:46:05,Lorong,C,Match
Lorong,10:46:05,Lorong,C,Match
Lorong,10:46:06,Lorong,C,Match
Lorong,10:46:06,Lorong,C,Match
Lorong,10:46:06,Lorong,C,Match
Lorong,10:46:06,Lorong,C,Match
Lorong,10:46:07,Lorong,C,Match
Lorong,10:46:07,Lorong,C,Match
Ruang 1,10:46:07,Lorong,C,Mismatch
Ruang 1,10:46:07,Lorong,C,Mismatch
Ruang 1,10:46:07,Lorong,C,Mismatch
Ruang 1,10:46:07,Lorong,C,Mismatch
Ruang 1,10:46:07,Lorong,C,Mismatch
Lorong,10:46:07,Lorong,C,Match
Lorong,10:46:07,Lorong,C,Match
Lorong,10:46:08,Lorong,C,Match
Lorong,10:46:08,Lorong,C,Match
Lorong,10:46:08,Lorong,C,Match
Lorong,10:46:08,Lorong,C,Match
Lorong,10:46:08,Lorong,C,Match
Lorong,10:46:08,Lorong,C,Match
Lorong,10:46:08,Lorong,C,Match
Lorong,10:46:08,Lorong,C,Match
Lorong,10:46:08,Lorong,C,Match
Lorong,10:46:09,Lorong,C,Match
Lorong,10:46:09,Lorong,C,Match
Lorong,10:46:09,Lorong,C,Match
Lorong,10:46:09,Lorong,C,Match
Lorong,10:46:09,Lorong,C,Match
Lorong,10:46:09,Lorong,C,Match
Lorong,10:46:10,Lorong,C,Match
Lorong,10:46:10,Lorong,C,Match
Lorong,10:46:10,Lorong,C,Match
Lorong,10:46:10,Lorong,C,Match
Lorong,10:46:10,Lorong,C,Match
Lorong,10:46:10,Lorong,C,Match
Lorong,10:46:10,Lorong,C,Match
Ruang 1,10:46:10,Lorong,C,Mismatch
Lorong,10:46:10,Lorong,C,Match
Lorong,10:46:11,Lorong,C,Match
Lorong,10:46:11,Lorong,C,Match
Lorong,10:46:11,Lorong,C,Match
Lorong,10:46:11,Lorong,C,Match
Lorong,10:46:12,Lorong,C,Match
Lorong,10:46:12,Lorong,C,Match
Lorong,10:46:13,Lorong,C,Match
Lorong,10:46:13,Lorong,C,Match
Lorong,10:46:13,Lorong,C,Match
Lorong,10:46:13,Lorong,C,Match
Lorong,10:46:13,Lorong,C,Match
Lorong,10:46:14,Lorong,C,Match
Lorong,10:46:14,Lorong,C,Match
Lorong,10:46:14,Lorong,C,Match
Lorong,10:46:14,Lorong,C,Match
Lorong,10:46:14,Lorong,C,Match
Lorong,10:46:15,Lorong,C,Match
Lorong,10:46:15,Lorong,C,Match
Lorong,10:46:15,Lorong,C,Match
Lorong,10:46:15,Lorong,C,Match
Lorong,10:46:15,Lorong,C,Match
Lorong,10:46:16,Lorong,C,Match
Lorong,10:46:16,Lorong,C,Match
Lorong,10:46:16,Lorong,C,Match
Lorong,10:46:16,Lorong,C,Match
Lorong,10:46:16,Lorong,C,Match
Lorong,10:46:16,Lorong,C,Match
Lorong,10:46:16,Lorong,C,Match
Lorong,10:46:16,Lorong,C,Match
Lorong,10:46:17,Lorong,C,Match
Lorong,10:46:17,Lorong,C,Match
Lorong,10:46:17,Lorong,C,Match
Lorong,10:46:17,Lorong,C,Match
Lorong,10:46:17,Lorong,C,Match
Lorong,10:46:17,Lorong,C,Match
Lorong,10:46:17,Lorong,C,Match
Lorong,10:46:17,Lorong,C,Match
Lorong,10:46:18,Lorong,C,Match
Lorong,10:46:18,Lorong,C,Match
Lorong,10:46:18,Lorong,C,Match
Ruang 1,10:46:18,Lorong,C,Mismatch
Ruang 1,10:46:18,Lorong,C,Mismatch
Ruang 1,10:46:18,Lorong,C,Mismatch
Ruang 1,10:46:18,Lorong,C,Mismatch
Ruang 1,10:46:19,Lorong,C,Mismatch
Lorong,10:46:19,Lorong,C,Match
Lorong,10:46:19,Lorong,C,Match
Lorong,10:46:19,Lorong,C,Match
Lorong,10:46:19,Lorong,C,Match
Lorong,10:46:19,Lorong,C,Match
Lorong,10:46:20,Lorong,C,Match
Lorong,10:46:20,Lorong,C,Match
Ruang 1,10:46:20,Lorong,C,Mismatch
Ruang 1,10:46:20,Lorong,C,Mismatch
Ruang 1,10:46:20,Lorong,C,Mismatch
Ruang 1,10:46:20,Lorong,C,Mismatch
Ruang 1,10:46:20,Lorong,C,Mismatch
Lorong,10:46:20,Lorong,C,Match
Lorong,10:46:20,Lorong,C,Match
Lorong,10:46:21,Lorong,C,Match
Lorong,10:46:21,Lorong,C,Match
Lorong,10:46:21,Lorong,C,Match
Ruang 1,10:46:22,Lorong,C,Mismatch
Ruang 1,10:46:22,Lorong,C,Mismatch
Ruang 1,10:47:01,Lorong,D,Mismatch
Ruang 1,10:47:01,Lorong,D,Mismatch
Lorong,10:47:01,Lorong,D,Match
Lorong,10:47:01,Lorong,D,Match
Lorong,10:47:02,Lorong,D,Match
Lorong,10:47:02,Lorong,D,Match
Lorong,10:47:02,Lorong,D,Match
Lorong,10:47:02,Lorong,D,Match
Lorong,10:47:02,Lorong,D,Match
Lorong,10:47:02,Lorong,D,Match
Lorong,10:47:02,Lorong,D,Match
Lorong,10:47:03,Lorong,D,Match
Lorong,10:47:03,Lorong,D,Match
Lorong,10:47:04,Lorong,D,Match
Ruang 1,10:47:04,Lorong,D,Mismatch
Ruang 1,10:47:05,Lorong,D,Mismatch
Ruang 1,10:47:05,Lorong,D,Mismatch
Ruang 1,10:47:06,Lorong,D,Mismatch
Ruang 1,10:47:06,Lorong,D,Mismatch
Ruang 1,10:47:06,Lorong,D,Mismatch
Ruang 1,10:47:06,Lorong,D,Mismatch
Lorong,10:47:07,Lorong,D,Match
Lorong,10:47:07,Lorong,D,Match
Lorong,10:47:08,Lorong,D,Match
Lorong,10:47:09,Lorong,D,Match
Lorong,10:47:09,Lorong,D,Match
Lorong,10:47:09,Lorong,D,Match
Lorong,10:47:09,Lorong,D,Match
Lorong,10:47:11,Lorong,D,Match
Lorong,10:47:12,Lorong,D,Match
Lorong,10:47:12,Lorong,D,Match
Lorong,10:47:12,Lorong,D,Match
Lorong,10:47:13,Lorong,D,Match
Lorong,10:47:13,Lorong,D,Match
Lorong,10:47:18,Lorong,D,Match
Lorong,10:47:19,Lorong,D,Match
Lorong,10:47:19,Lorong,D,Match
Lorong,10:47:23,Lorong,D,Match
Lorong,10:47:23,Lorong,D,Match
Lorong,10:47:23,Lorong,D,Match
Lorong,10:47:23,Lorong,D,Match
Lorong,10:47:24,Lorong,D,Match
Lorong,10:47:24,Lorong,D,Match
Lorong,10:47:24,Lorong,D,Match
Lorong,10:47:24,Lorong,D,Match
Lorong,10:47:24,Lorong,D,Match
Lorong,10:47:25,Lorong,D,Match
Lorong,10:47:25,Lorong,D,Match
Lorong,10:47:25,Lorong,D,Match
Ruang 1,10:47:25,Lorong,D,Mismatch
Lorong,10:47:25,Lorong,D,Match
Lorong,10:47:26,Lorong,D,Match
Lorong,10:47:26,Lorong,D,Match
Lorong,10:47:27,Lorong,D,Match
Lorong,10:47:28,Lorong,D,Match
Lorong,10:47:28,Lorong,D,Match
Lorong,10:47:28,Lorong,D,Match
Lorong,10:47:29,Lorong,D,Match
Lorong,10:47:29,Lorong,D,Match
Ruang 2,11:07:44,Ruang 2,A,Match
Ruang 1,11:07:44,Ruang 2,A,Mismatch
Ruang 1,11:07:45,Ruang 2,A,Mismatch
Ruang 1,11:07:45,Ruang 2,A,Mismatch
Ruang 1,11:07:45,Ruang 2,A,Mismatch
Ruang 1,11:07:45,Ruang 2,A,Mismatch
Ruang 1,11:07:45,Ruang 2,A,Mismatch
Ruang 1,11:07:45,Ruang 2,A,Mismatch
Ruang 1,11:07:46,Ruang 2,A,Mismatch
Ruang 1,11:07:46,Ruang 2,A,Mismatch
Ruang 1,11:07:46,Ruang 2,A,Mismatch
Ruang 1,11:07:46,Ruang 2,A,Mismatch
Ruang 1,11:07:46,Ruang 2,A,Mismatch
Ruang 1,11:07:46,Ruang 2,A,Mismatch
Ruang 1,11:07:47,Ruang 2,A,Mismatch
Ruang 1,11:07:47,Ruang 2,A,Mismatch
Ruang 2,11:07:47,Ruang 2,A,Match
Ruang 1,11:07:47,Ruang 2,A,Mismatch
Ruang 1,11:07:47,Ruang 2,A,Mismatch
Ruang 1,11:07:47,Ruang 2,A,Mismatch
Ruang 1,11:07:47,Ruang 2,A,Mismatch
Ruang 1,11:07:47,Ruang 2,A,Mismatch
Ruang 2,11:07:47,Ruang 2,A,Match
Ruang 1,11:07:48,Ruang 2,A,Mismatch
Ruang 1,11:07:48,Ruang 2,A,Mismatch
Ruang 1,11:07:48,Ruang 2,A,Mismatch
Ruang 1,11:07:48,Ruang 2,A,Mismatch
Ruang 1,11:07:49,Ruang 2,A,Mismatch
Ruang 1,11:07:50,Ruang 2,A,Mismatch
Ruang 1,11:07:50,Ruang 2,A,Mismatch
Ruang 1,11:07:50,Ruang 2,A,Mismatch
Ruang 1,11:07:50,Ruang 2,A,Mismatch
Ruang 1,11:07:51,Ruang 2,A,Mismatch
Ruang 1,11:07:51,Ruang 2,A,Mismatch
Ruang 1,11:07:51,Ruang 2,A,Mismatch
Ruang 2,11:07:51,Ruang 2,A,Match
Ruang 2,11:07:51,Ruang 2,A,Match
Ruang 2,11:07:51,Ruang 2,A,Match
Ruang 1,11:07:51,Ruang 2,A,Mismatch
Ruang 1,11:07:51,Ruang 2,A,Mismatch
Ruang 2,11:07:51,Ruang 2,A,Match
Ruang 2,11:07:52,Ruang 2,A,Match
Ruang 1,11:07:52,Ruang 2,A,Mismatch
Ruang 1,11:07:52,Ruang 2,A,Mismatch
Ruang 2,11:07:52,Ruang 2,A,Match
Ruang 2,11:07:52,Ruang 2,A,Match
Ruang 1,11:07:53,Ruang 2,A,Mismatch
Ruang 1,11:07:57,Ruang 2,A,Mismatch
Ruang 1,11:07:57,Ruang 2,A,Mismatch
Ruang 1,11:07:58,Ruang 2,A,Mismatch
Ruang 1,11:08:01,Ruang 2,A,Mismatch
Ruang 1,11:08:01,Ruang 2,A,Mismatch
Ruang 1,11:08:01,Ruang 2,A,Mismatch
Ruang 1,11:08:02,Ruang 2,A,Mismatch
Ruang 1,11:08:02,Ruang 2,A,Mismatch
Ruang 1,11:08:03,Ruang 2,A,Mismatch
Ruang 1,11:08:03,Ruang 2,A,Mismatch
Ruang 1,11:08:04,Ruang 2,A,Mismatch
Ruang 1,11:09:14,Ruang 2,B,Mismatch
Ruang 1,11:09:14,Ruang 2,B,Mismatch
Ruang 1,11:09:14,Ruang 2,B,Mismatch
Ruang 1,11:09:14,Ruang 2,B,Mismatch
Ruang 1,11:09:15,Ruang 2,B,Mismatch
Ruang 1,11:09:15,Ruang 2,B,Mismatch
Ruang 1,11:09:15,Ruang 2,B,Mismatch
Ruang 1,11:09:16,Ruang 2,B,Mismatch
Ruang 1,11:09:16,Ruang 2,B,Mismatch
Ruang 1,11:09:16,Ruang 2,B,Mismatch
Ruang 1,11:09:16,Ruang 2,B,Mismatch
Ruang 1,11:09:17,Ruang 2,B,Mismatch
Ruang 1,11:09:17,Ruang 2,B,Mismatch
Ruang 1,11:09:17,Ruang 2,B,Mismatch
Ruang 1,11:09:21,Ruang 2,B,Mismatch
Ruang 1,11:09:21,Ruang 2,B,Mismatch
Ruang 2,11:09:21,Ruang 2,B,Match
Ruang 2,11:09:22,Ruang 2,B,Match
Ruang 1,11:09:22,Ruang 2,B,Mismatch
Ruang 1,11:09:23,Ruang 2,B,Mismatch
Ruang 1,11:09:24,Ruang 2,B,Mismatch
Ruang 1,11:09:24,Ruang 2,B,Mismatch
Ruang 1,11:09:29,Ruang 2,B,Mismatch
Ruang 1,11:09:30,Ruang 2,B,Mismatch
Ruang 1,11:09:30,Ruang 2,B,Mismatch
Ruang 1,11:09:30,Ruang 2,B,Mismatch
Ruang 2,11:09:31,Ruang 2,B,Match
Ruang 2,11:09:31,Ruang 2,B,Match
Ruang 2,11:09:31,Ruang 2,B,Match
Ruang 1,11:09:31,Ruang 2,B,Mismatch
Ruang 1,11:09:32,Ruang 2,B,Mismatch
Ruang 1,11:09:32,Ruang 2,B,Mismatch
Ruang 1,11:09:32,Ruang 2,B,Mismatch
Ruang 1,11:09:33,Ruang 2,B,Mismatch
Ruang 2,11:09:33,Ruang 2,B,Match
Ruang 2,11:09:33,Ruang 2,B,Match
Ruang 2,11:09:33,Ruang 2,B,Match
Ruang 2,11:09:34,Ruang 2,B,Match
Ruang 2,11:09:34,Ruang 2,B,Match
Ruang 2,11:09:34,Ruang 2,B,Match
Ruang 2,11:09:34,Ruang 2,B,Match
Ruang 2,11:09:35,Ruang 2,B,Match
Ruang 2,11:09:35,Ruang 2,B,Match
Ruang 1,11:09:35,Ruang 2,B,Mismatch
Ruang 2,11:09:35,Ruang 2,B,Match
Ruang 1,11:09:35,Ruang 2,B,Mismatch
Ruang 2,11:09:35,Ruang 2,B,Match
Ruang 2,11:09:36,Ruang 2,B,Match
Ruang 2,11:09:36,Ruang 2,B,Match
Ruang 2,11:09:36,Ruang 2,B,Match
Ruang 1,11:09:36,Ruang 2,B,Mismatch
Ruang 1,11:09:37,Ruang 2,B,Mismatch
Ruang 2,11:09:37,Ruang 2,B,Match
Ruang 2,11:09:38,Ruang 2,B,Match
Ruang 2,11:09:38,Ruang 2,B,Match
Ruang 1,11:10:44,Ruang 2,C,Mismatch
Ruang 2,11:10:44,Ruang 2,C,Match
Ruang 2,11:10:44,Ruang 2,C,Match
Ruang 2,11:10:45,Ruang 2,C,Match
Ruang 1,11:10:45,Ruang 2,C,Mismatch
Ruang 2,11:10:54,Ruang 2,C,Match
Ruang 2,11:10:55,Ruang 2,C,Match
Ruang 2,11:10:55,Ruang 2,C,Match
Ruang 2,11:10:55,Ruang 2,C,Match
Ruang 2,11:10:55,Ruang 2,C,Match
Ruang 2,11:10:55,Ruang 2,C,Match
Ruang 2,11:10:56,Ruang 2,C,Match
Ruang 2,11:10:56,Ruang 2,C,Match
Ruang 1,11:10:57,Ruang 2,C,Mismatch
Ruang 1,11:10:57,Ruang 2,C,Mismatch
Ruang 1,11:10:58,Ruang 2,C,Mismatch
Ruang 2,11:10:58,Ruang 2,C,Match
Ruang 2,11:10:58,Ruang 2,C,Match
Ruang 2,11:10:59,Ruang 2,C,Match
Ruang 2,11:10:59,Ruang 2,C,Match
Ruang 2,11:10:59,Ruang 2,C,Match
Ruang 2,11:10:59,Ruang 2,C,Match
Ruang 2,11:11:00,Ruang 2,C,Match
Ruang 2,11:11:00,Ruang 2,C,Match
Ruang 2,11:11:00,Ruang 2,C,Match
Ruang 2,11:11:00,Ruang 2,C,Match
Ruang 2,11:11:01,Ruang 2,C,Match
Ruang 2,11:11:09,Ruang 2,C,Match
Ruang 2,11:11:10,Ruang 2,C,Match
Ruang 1,11:11:10,Ruang 2,C,Mismatch
Ruang 2,11:11:10,Ruang 2,C,Match
Ruang 1,11:11:10,Ruang 2,C,Mismatch
Ruang 2,11:11:10,Ruang 2,C,Match
Ruang 2,11:11:10,Ruang 2,C,Match
Ruang 2,11:11:10,Ruang 2,C,Match
Ruang 2,11:11:10,Ruang 2,C,Match
Ruang 2,11:11:11,Ruang 2,C,Match
Ruang 2,11:11:11,Ruang 2,C,Match
Ruang 1,11:11:11,Ruang 2,C,Mismatch
Ruang 1,11:11:11,Ruang 2,C,Mismatch
Ruang 1,11:11:11,Ruang 2,C,Mismatch
Ruang 2,11:11:12,Ruang 2,C,Match
Ruang 2,11:11:14,Ruang 2,C,Match
Ruang 2,11:11:14,Ruang 2,C,Match
Ruang 2,11:11:14,Ruang 2,C,Match
Ruang 2,11:11:14,Ruang 2,C,Match
Ruang 1,11:11:14,Ruang 2,C,Mismatch
Ruang 2,11:11:15,Ruang 2,C,Match
Ruang 2,11:11:15,Ruang 2,C,Match
Ruang 1,11:11:15,Ruang 2,C,Mismatch
Ruang 1,11:11:15,Ruang 2,C,Mismatch
Ruang 2,11:11:15,Ruang 2,C,Match
Ruang 2,11:11:15,Ruang 2,C,Match
Ruang 2,11:11:16,Ruang 2,C,Match
Ruang 2,11:11:16,Ruang 2,C,Match
Ruang 2,11:11:16,Ruang 2,C,Match
Ruang 2,11:12:16,Ruang 2,D,Match
Ruang 2,11:12:17,Ruang 2,D,Match
Ruang 2,11:12:17,Ruang 2,D,Match
Ruang 1,11:12:22,Ruang 2,D,Mismatch
Ruang 2,11:12:22,Ruang 2,D,Match
Ruang 2,11:12:22,Ruang 2,D,Match
Ruang 2,11:12:22,Ruang 2,D,Match
Ruang 1,11:12:22,Ruang 2,D,Mismatch
Ruang 1,11:12:22,Ruang 2,D,Mismatch
Ruang 2,11:12:23,Ruang 2,D,Match
Ruang 2,11:12:23,Ruang 2,D,Match
Ruang 2,11:12:23,Ruang 2,D,Match
Ruang 2,11:12:23,Ruang 2,D,Match
Ruang 2,11:12:23,Ruang 2,D,Match
Ruang 2,11:12:24,Ruang 2,D,Match
Ruang 2,11:12:24,Ruang 2,D,Match
Ruang 1,11:12:28,Ruang 2,D,Mismatch
Ruang 1,11:12:28,Ruang 2,D,Mismatch
Ruang 1,11:12:29,Ruang 2,D,Mismatch
Ruang 1,11:12:29,Ruang 2,D,Mismatch
Ruang 2,11:12:29,Ruang 2,D,Match
Ruang 1,11:12:30,Ruang 2,D,Mismatch
Ruang 2,11:12:30,Ruang 2,D,Match
Ruang 2,11:12:30,Ruang 2,D,Match
Ruang 2,11:12:31,Ruang 2,D,Match
Ruang 2,11:12:31,Ruang 2,D,Match
Ruang 2,11:12:32,Ruang 2,D,Match
Ruang 2,11:12:33,Ruang 2,D,Match
Ruang 2,11:12:33,Ruang 2,D,Match
Ruang 1,11:12:36,Ruang 2,D,Mismatch
Ruang 2,11:12:37,Ruang 2,D,Match
Ruang 2,11:12:37,Ruang 2,D,Match
Ruang 2,11:12:37,Ruang 2,D,Match
Ruang 2,11:12:37,Ruang 2,D,Match
Ruang 2,11:12:37,Ruang 2,D,Match
Ruang 1,11:12:38,Ruang 2,D,Mismatch
Ruang 1,11:12:38,Ruang 2,D,Mismatch
Ruang 1,11:12:38,Ruang 2,D,Mismatch
Ruang 2,11:12:39,Ruang 2,D,Match
Ruang 2,11:12:39,Ruang 2,D,Match
Ruang 2,11:12:39,Ruang 2,D,Match
Ruang 2,11:12:39,Ruang 2,D,Match
Ruang 2,11:12:39,Ruang 2,D,Match
Ruang 2,11:12:39,Ruang 2,D,Match
Ruang 2,11:12:40,Ruang 2,D,Match
Ruang 2,11:12:40,Ruang 2,D,Match
Ruang 2,11:12:40,Ruang 2,D,Match
Ruang 1,11:12:40,Ruang 2,D,Mismatch
Ruang 2,11:12:41,Ruang 2,D,Match
Ruang 2,11:12:42,Ruang 2,D,Match
Ruang 2,11:12:42,Ruang 2,D,Match
Ruang 2,11:12:42,Ruang 2,D,Match
Ruang 1,11:12:42,Ruang 2,D,Mismatch
Ruang 2,11:12:42,Ruang 2,D,Match
Ruang 1,11:12:42,Ruang 2,D,Mismatch
Ruang 2,11:12:42,Ruang 2,D,Match
Ruang 2,11:12:43,Ruang 2,D,Match
Ruang 1,11:12:43,Ruang 2,D,Mismatch
Ruang 1,11:12:43,Ruang 2,D,Mismatch
Ruang 2,11:12:43,Ruang 2,D,Match
Ruang 2,11:12:43,Ruang 2,D,Match
Ruang 2,11:12:44,Ruang 2,D,Match
